record,phase,start,end,est,ref,abs_err,err,sqa_ok,iscore,sqa_tier,sqa_stage,config
x001,Rest,32.25390625,64.25390625,18.75,21.164874292812037,2.414874292812037,-2.414874292812037,True,0.9837643686147992,diag,3,psd 10-45
x001,Rest,64.25390625,96.25390625,16.875,17.758672568760346,0.8836725687603462,-0.8836725687603462,True,0.986284995153192,diag,3,psd 10-45
x001,Rest,96.25390625,128.25390625,15.0,16.499999899288923,1.4999998992889232,-1.4999998992889232,True,0.983144740657395,diag,3,psd 10-45
x001,Rest,128.25390625,160.25390625,16.875,15.897605848090612,0.9773941519093885,0.9773941519093885,True,0.9824569876151,diag,3,psd 10-45
x001,Rest,160.25390625,192.25390625,16.875,17.045617873870146,0.17061787387014604,-0.17061787387014604,True,0.981051875638126,diag,3,psd 10-45
x001,Rest,192.25390625,224.25390625,16.875,15.454619086976024,1.4203809130239762,1.4203809130239762,True,0.980147471424094,diag,3,psd 10-45
x001,Rest,224.25390625,256.25390625,16.875,15.948683856009785,0.9263161439902152,0.9263161439902152,True,0.9820251040447024,diag,3,psd 10-45
x001,Rest,256.25390625,288.25390625,20.625,15.869230206063769,4.755769793936231,4.755769793936231,True,0.9768250641547356,diag,3,psd 10-45
x001,Rest,288.25390625,320.25390625,16.875,17.190402878879112,0.31540287887911234,-0.31540287887911234,True,0.9782756057740715,diag,3,psd 10-45
x001,Rest,320.25390625,352.25390625,18.75,16.403371723539664,2.3466282764603363,2.3466282764603363,True,0.9762360885804411,diag,3,psd 10-45
x001,Rest,352.25390625,384.25390625,30.0,20.073718581400207,9.926281418599793,9.926281418599793,True,0.9761362965936451,diag,3,psd 10-45
x001,Rest,384.25390625,416.25390625,11.25,19.57974265580023,8.329742655800231,-8.329742655800231,True,0.9732751788748897,diag,3,psd 10-45
x001,Rest,416.25390625,448.25390625,11.25,19.556751630706998,8.306751630706998,-8.306751630706998,True,0.9686385365150254,diag,3,psd 10-45
x001,Rest,448.25390625,480.25390625,16.875,20.462979160989605,3.5879791609896046,-3.5879791609896046,True,0.978476176206773,diag,3,psd 10-45
x001,Rest,480.25390625,512.25390625,15.0,21.960382537818923,6.960382537818923,-6.960382537818923,True,0.9794412630826819,diag,3,psd 10-45
x001,Rest,512.25390625,544.25390625,16.875,24.82915897961805,7.95415897961805,-7.95415897961805,True,0.9799280092115659,diag,3,psd 10-45
x001,Rest,544.25390625,576.25390625,11.25,20.281805311588208,9.031805311588208,-9.031805311588208,True,0.9764199319346841,diag,3,psd 10-45
x001,Rest,576.25390625,608.25390625,11.25,21.37188027213328,10.121880272133279,-10.121880272133279,True,0.973925473253935,diag,3,psd 10-45
x001,Rest,608.25390625,640.25390625,13.125,24.042382757397398,10.917382757397398,-10.917382757397398,True,0.9690103816696238,diag,3,psd 10-45
x001,Rest,640.25390625,672.25390625,15.0,25.65624610682172,10.656246106821719,-10.656246106821719,True,0.9802983667542792,diag,3,psd 10-45
x001,Rest,672.25390625,704.25390625,26.25,22.979947816886636,3.270052183113364,3.270052183113364,True,0.9814209407479066,diag,3,psd 10-45
x001,Rest,704.25390625,736.25390625,20.625,26.702040155844138,6.077040155844138,-6.077040155844138,True,0.9845041111824557,diag,3,psd 10-45
x001,Walking,736.25390625,768.25390625,28.125,28.46853099228086,0.34353099228086137,-0.34353099228086137,True,0.9677418765830538,diag,3,psd 10-45
x001,Walking,768.25390625,800.25390625,18.75,30.167462339345782,11.417462339345782,-11.417462339345782,True,0.9691756686524522,diag,3,psd 10-45
x001,Walking,800.25390625,832.25390625,15.0,30.270070727262322,15.270070727262322,-15.270070727262322,True,0.9671937524838177,diag,3,psd 10-45
x001,Walking,832.25390625,864.25390625,24.375,27.29564305091906,2.920643050919061,-2.920643050919061,True,0.965460055751541,diag,3,psd 10-45
x001,Walking,864.25390625,896.25390625,28.125,28.576879657722245,0.4518796577222446,-0.4518796577222446,True,0.9707810638976748,diag,3,psd 10-45
x001,Walking,896.25390625,928.25390625,30.0,28.43988722175437,1.5601127782456317,1.5601127782456317,True,0.9712970358433588,diag,3,psd 10-45
x001,Walking,928.25390625,960.25390625,28.125,29.63099921345013,1.5059992134501314,-1.5059992134501314,True,0.974276454889142,diag,3,psd 10-45
x001,Walking,960.25390625,992.25390625,28.125,28.05966170793682,0.06533829206318131,0.06533829206318131,True,0.9715225837460771,diag,3,psd 10-45
x001,Walking,992.25390625,1024.25390625,28.125,26.999980749955526,1.125019250044474,1.125019250044474,True,0.9706817581304792,diag,3,psd 10-45
x001,Walking,1024.25390625,1056.25390625,11.25,26.230182884941474,14.980182884941474,-14.980182884941474,True,0.9791028628189337,diag,3,psd 10-45
x001,Walking,1056.25390625,1088.25390625,26.25,25.900477812733122,0.3495221872668779,0.3495221872668779,True,0.9849445427469997,diag,3,psd 10-45
x001,Walking,1088.25390625,1120.25390625,22.5,24.32393005781884,1.8239300578188384,-1.8239300578188384,True,0.9873195263138063,diag,3,psd 10-45
x001,Walking,1120.25390625,1152.25390625,13.125,22.161981402491996,9.036981402491996,-9.036981402491996,True,0.9815013426755961,diag,3,psd 10-45
x001,Walking,1152.25390625,1184.25390625,22.5,23.147902271486387,0.6479022714863873,-0.6479022714863873,True,0.9866076160440171,diag,3,psd 10-45
x001,Walking,1184.25390625,1216.25390625,11.25,19.183855003525917,7.933855003525917,-7.933855003525917,True,0.9850229888088371,diag,3,psd 10-45
x001,Walking,1216.25390625,1248.25390625,20.625,25.767437475288016,5.142437475288016,-5.142437475288016,True,0.9734261230093509,diag,3,psd 10-45
x001,Walking,1248.25390625,1280.25390625,11.25,24.80396199009497,13.553961990094969,-13.553961990094969,True,0.9836236642378058,diag,3,psd 10-45
x001,Walking,1280.25390625,1312.25390625,22.5,22.432049500185386,0.06795049981461432,0.06795049981461432,True,0.9861428542205931,diag,3,psd 10-45
x001,Walking,1312.25390625,1344.25390625,11.25,20.698938633472267,9.448938633472267,-9.448938633472267,True,0.985027568374179,diag,3,psd 10-45
x001,Walking,1344.25390625,1376.25390625,26.25,17.781290885813792,8.468709114186208,8.468709114186208,True,0.9822529865062959,diag,3,psd 10-45
x001,Walking,1376.25390625,1408.25390625,16.875,17.011234604428235,0.13623460442823543,-0.13623460442823543,True,0.9800838155026691,diag,3,psd 10-45
x001,2-Back,1408.25390625,1440.25390625,26.25,20.284364068048237,5.965635931951763,5.965635931951763,True,0.9780603947733439,diag,3,psd 10-45
x001,2-Back,1440.25390625,1472.25390625,22.5,21.91458280517715,0.585417194822849,0.585417194822849,True,0.982962802658648,diag,3,psd 10-45
x001,2-Back,1472.25390625,1504.25390625,18.75,23.55964462462307,4.809644624623068,-4.809644624623068,True,0.9852472162499418,diag,3,psd 10-45
x001,2-Back,1504.25390625,1536.25390625,18.75,20.511522467382157,1.7615224673821572,-1.7615224673821572,True,0.9847246012025925,diag,3,psd 10-45
x001,2-Back,1536.25390625,1568.25390625,20.625,20.77835872125395,0.15335872125395156,-0.15335872125395156,True,0.9892160473258667,diag,3,psd 10-45
x001,2-Back,1568.25390625,1600.25390625,20.625,20.124973128762523,0.5000268712374769,0.5000268712374769,True,0.9840422417386409,diag,3,psd 10-45
x001,2-Back,1600.25390625,1632.25390625,15.0,21.832536713668443,6.832536713668443,-6.832536713668443,True,0.9877209450617833,diag,3,psd 10-45
x001,2-Back,1632.25390625,1664.25390625,20.625,20.41451994441537,0.2104800555846289,0.2104800555846289,True,0.987693955803332,diag,3,psd 10-45
x001,2-Back,1664.25390625,1696.25390625,18.75,19.599508557700624,0.8495085577006236,-0.8495085577006236,True,0.9863291766313015,diag,3,psd 10-45
x001,2-Back,1696.25390625,1728.25390625,20.625,19.49714698897305,1.12785301102695,1.12785301102695,True,0.9892928856818612,diag,3,psd 10-45
x001,2-Back,1728.25390625,1760.25390625,13.125,21.678872036937857,8.553872036937857,-8.553872036937857,True,0.9786725810730555,diag,3,psd 10-45
x001,2-Back,1760.25390625,1792.25390625,11.25,20.403430865990643,9.153430865990643,-9.153430865990643,True,0.9834230426163071,diag,3,psd 10-45
x001,2-Back,1792.25390625,1824.25390625,11.25,21.846308060596293,10.596308060596293,-10.596308060596293,True,0.9825117228516644,diag,3,psd 10-45
x001,2-Back,1824.25390625,1856.25390625,15.0,23.321081359271837,8.321081359271837,-8.321081359271837,True,0.9795723654002377,diag,3,psd 10-45
x001,2-Back,1856.25390625,1888.25390625,15.0,22.463282556857408,7.463282556857408,-7.463282556857408,True,0.9723477740576197,diag,3,psd 10-45
x001,Running,1888.25390625,1920.25390625,24.375,24.863523931248658,0.48852393124865756,-0.48852393124865756,True,0.9750078903997633,diag,3,psd 10-45
x001,Running,1920.25390625,1952.25390625,28.125,26.65333543142314,1.471664568576859,1.471664568576859,True,0.9765641090235458,diag,3,psd 10-45
x001,Running,1952.25390625,1984.25390625,30.0,28.585204959530483,1.4147950404695173,1.4147950404695173,True,0.9772483956020691,diag,3,psd 10-45
x001,Running,1984.25390625,2016.25390625,30.0,29.909253897535073,0.09074610246492654,0.09074610246492654,True,0.9767199757308693,diag,3,psd 10-45
x001,Running,2016.25390625,2048.25390625,31.875,29.525523493863055,2.349476506136945,2.349476506136945,True,0.9807869229517289,diag,3,psd 10-45
x001,Running,2048.25390625,2080.25390625,28.125,29.977320876336755,1.852320876336755,-1.852320876336755,True,0.9776853255204709,diag,3,psd 10-45
x001,Running,2080.25390625,2112.25390625,31.875,30.585191092545735,1.2898089074542654,1.2898089074542654,True,0.9794659591720566,diag,3,psd 10-45
x001,Running,2112.25390625,2144.25390625,31.875,32.30672620896162,0.4317262089616207,-0.4317262089616207,True,0.9772181083942689,diag,3,psd 10-45
x001,Running,2144.25390625,2176.25390625,31.875,32.036931731013325,0.16193173101332548,-0.16193173101332548,True,0.9798056438473509,diag,3,psd 10-45
x001,Running,2176.25390625,2208.25390625,28.125,29.20191210590138,1.0769121059013784,-1.0769121059013784,True,0.9846683633819995,diag,3,psd 10-45
x001,Running,2208.25390625,2240.25390625,31.875,27.090572858555845,4.784427141444155,4.784427141444155,True,0.9824342128270593,diag,3,psd 10-45
x002,Rest,64.30859375,96.30859375,15.0,22.534082174118986,7.534082174118986,-7.534082174118986,True,0.9654668366399598,diag,3,psd 10-45
x002,Rest,96.30859375,128.30859375,26.25,25.154461296336848,1.095538703663152,1.095538703663152,True,0.9746307741732395,diag,3,psd 10-45
x002,Rest,128.30859375,160.30859375,24.375,25.15625404319277,0.7812540431927708,-0.7812540431927708,True,0.980790038997661,diag,3,psd 10-45
x002,Rest,160.30859375,192.30859375,22.5,25.37592660261296,2.87592660261296,-2.87592660261296,True,0.980868292095268,diag,3,psd 10-45
x002,Rest,192.30859375,224.30859375,26.25,22.873364787579185,3.3766352124208154,3.3766352124208154,True,0.986124422751233,diag,3,psd 10-45
x002,Rest,224.30859375,256.30859375,26.25,26.93787781615349,0.6878778161534918,-0.6878778161534918,True,0.9834446908896282,diag,3,psd 10-45
x002,Rest,256.30859375,288.30859375,24.375,22.810149515305632,1.564850484694368,1.564850484694368,True,0.9784436708708169,diag,3,psd 10-45
x002,Rest,288.30859375,320.30859375,26.25,24.31412237963578,1.93587762036422,1.93587762036422,True,0.9740716648958208,diag,3,psd 10-45
x002,Rest,320.30859375,352.30859375,13.125,24.68694340499541,11.56194340499541,-11.56194340499541,True,0.9779797415458978,diag,3,psd 10-45
x002,Rest,352.30859375,384.30859375,11.25,29.325450641107054,18.075450641107054,-18.075450641107054,True,0.9553424247166671,diag,3,psd 10-45
x002,Rest,384.30859375,416.30859375,11.25,31.485197150942014,20.235197150942014,-20.235197150942014,True,0.9577103249992774,diag,3,psd 10-45
x002,Rest,416.30859375,448.30859375,18.75,27.84295453373688,9.09295453373688,-9.09295453373688,True,0.9201418891537365,diag,3,psd 10-45
x002,Walking,448.30859375,480.30859375,39.375,36.52560276446971,2.84939723553029,2.84939723553029,True,0.7800971983941061,hr,3,psd 10-45
x002,Walking,480.30859375,512.30859375,28.125,32.81909154016766,4.694091540167662,-4.694091540167662,True,0.7261290183284076,hr,3,psd 10-45
x002,Walking,512.30859375,544.30859375,45.0,33.28185504103016,11.718144958969837,11.718144958969837,True,0.718904150507602,hr,3,psd 10-45
x002,Walking,544.30859375,576.30859375,26.25,32.374957854018184,6.124957854018184,-6.124957854018184,True,0.6935512963053432,hr,3,psd 10-45
x002,Walking,576.30859375,608.30859375,39.375,34.59035401695896,4.784645983041038,4.784645983041038,True,0.7085191776151203,hr,3,psd 10-45
x002,Walking,608.30859375,640.30859375,28.125,29.785912369339112,1.660912369339112,-1.660912369339112,True,0.6092759746154942,hr,3,psd 10-45
x002,Walking,640.30859375,672.30859375,28.125,28.561579369923347,0.4365793699233471,-0.4365793699233471,True,0.6177705600003907,hr,3,psd 10-45
x002,Walking,672.30859375,704.30859375,11.25,33.18718472970777,21.937184729707766,-21.937184729707766,True,0.637653439394601,hr,3,psd 10-45
x002,Walking,704.30859375,736.30859375,30.0,32.12991594420761,2.1299159442076103,-2.1299159442076103,True,0.6856221798566184,hr,3,psd 10-45
x002,Walking,736.30859375,768.30859375,31.875,33.088752692709335,1.2137526927093347,-1.2137526927093347,True,0.9487462241105333,diag,3,psd 10-45
x002,Walking,768.30859375,800.30859375,13.125,35.03320539581678,21.90820539581678,-21.90820539581678,True,0.9615362993077934,diag,3,psd 10-45
x002,Walking,800.30859375,832.30859375,15.0,27.565253343366948,12.565253343366948,-12.565253343366948,True,0.9351163645569227,diag,3,psd 10-45
x002,Walking,832.30859375,864.30859375,13.125,35.2684504803778,22.1434504803778,-22.1434504803778,True,0.9519711576369938,diag,3,psd 10-45
x002,Walking,864.30859375,896.30859375,24.375,26.041196858190077,1.6661968581900766,-1.6661968581900766,True,0.9778263745474988,diag,3,psd 10-45
x002,Walking,896.30859375,928.30859375,30.0,29.808132656762623,0.19186734323737653,0.19186734323737653,True,0.9760091054693614,diag,3,psd 10-45
x002,Walking,928.30859375,960.30859375,31.875,26.498763821200605,5.376236178799395,5.376236178799395,True,0.97123358204558,diag,3,psd 10-45
x002,Walking,960.30859375,992.30859375,30.0,32.816250929239985,2.8162509292399847,-2.8162509292399847,True,0.9656554626152751,diag,3,psd 10-45
x002,2-Back,992.30859375,1024.30859375,28.125,27.880610393104064,0.24438960689593614,0.24438960689593614,True,0.9640667709298654,diag,3,psd 10-45
x002,2-Back,1024.30859375,1056.30859375,28.125,28.34018198702374,0.21518198702374036,-0.21518198702374036,True,0.9729605432441227,diag,3,psd 10-45
x002,2-Back,1056.30859375,1088.30859375,30.0,29.999055863345433,0.0009441366545672736,0.0009441366545672736,True,0.9746107287856249,diag,3,psd 10-45
x002,2-Back,1088.30859375,1120.30859375,30.0,29.406679069891737,0.5933209301082627,0.5933209301082627,True,0.9733763082754772,diag,3,psd 10-45
x002,2-Back,1120.30859375,1152.30859375,22.5,28.87540485509122,6.375404855091219,-6.375404855091219,True,0.9760747516086389,diag,3,psd 10-45
x002,2-Back,1152.30859375,1184.30859375,30.0,30.0615549589134,0.061554958913401236,-0.061554958913401236,True,0.978921936180335,diag,3,psd 10-45
x002,2-Back,1184.30859375,1216.30859375,30.0,31.216484528375773,1.2164845283757728,-1.2164845283757728,True,0.9716889934735855,diag,3,psd 10-45
x002,2-Back,1216.30859375,1248.30859375,26.25,25.096565438684166,1.1534345613158337,1.1534345613158337,True,0.9674761716182257,diag,3,psd 10-45
x002,2-Back,1248.30859375,1280.30859375,11.25,26.843697782524327,15.593697782524327,-15.593697782524327,True,0.983980446014105,diag,3,psd 10-45
x002,2-Back,1280.30859375,1312.30859375,28.125,28.22874529733111,0.10374529733110904,-0.10374529733110904,True,0.9778937971018036,diag,3,psd 10-45
x002,2-Back,1312.30859375,1344.30859375,13.125,30.37021918950361,17.24521918950361,-17.24521918950361,True,0.9240029458535577,diag,3,psd 10-45
x002,2-Back,1344.30859375,1376.30859375,31.875,20.561597155447416,11.313402844552584,11.313402844552584,True,0.966607902239205,diag,3,psd 10-45
x002,2-Back,1376.30859375,1408.30859375,13.125,23.808646938491048,10.683646938491048,-10.683646938491048,True,0.9453333702433225,diag,3,psd 10-45
x002,2-Back,1408.30859375,1440.30859375,20.625,14.628965373949178,5.996034626050822,5.996034626050822,True,0.9512966242288979,diag,3,psd 10-45
x002,2-Back,1440.30859375,1472.30859375,16.875,13.906712200074915,2.9682877999250845,2.9682877999250845,True,0.9600682126826082,diag,3,psd 10-45
x002,2-Back,1472.30859375,1504.30859375,11.25,19.125649767829817,7.875649767829817,-7.875649767829817,True,0.9704869712368677,diag,3,psd 10-45
x002,Running,1504.30859375,1536.30859375,11.25,28.424225086767876,17.174225086767876,-17.174225086767876,True,0.9238931445809672,diag,3,psd 10-45
x002,Running,1536.30859375,1568.30859375,15.0,34.88400128030596,19.88400128030596,-19.88400128030596,True,0.8296303722288035,diag,3,psd 10-45
x002,Running,1568.30859375,1600.30859375,39.375,37.777983077914655,1.597016922085345,1.597016922085345,True,0.8406475882248482,diag,3,psd 10-45
x002,Running,1600.30859375,1632.30859375,13.125,40.24786649549305,27.12286649549305,-27.12286649549305,True,0.8333707624041992,diag,3,psd 10-45
x002,Running,1632.30859375,1664.30859375,41.25,40.406516447583876,0.8434835524161244,0.8434835524161244,True,0.8103055882358913,diag,3,psd 10-45
x002,Running,1664.30859375,1696.30859375,43.125,40.06188645105366,3.0631135489463404,3.0631135489463404,True,0.7911310981910039,hr,3,psd 10-45
x002,Running,1696.30859375,1728.30859375,45.0,43.001276900664664,1.9987230993353364,1.9987230993353364,True,0.7917239045816834,hr,3,psd 10-45
x002,Running,1728.30859375,1760.30859375,45.0,41.57347226577318,3.4265277342268234,3.4265277342268234,True,0.7805791575379228,hr,3,psd 10-45
x002,Running,1760.30859375,1792.30859375,43.125,43.80039954368724,0.6753995436872415,-0.6753995436872415,True,0.7809960112941672,hr,3,psd 10-45
x002,Running,1792.30859375,1824.30859375,45.0,41.43964077782817,3.560359222171833,3.560359222171833,True,0.8445517985089176,diag,3,psd 10-45
x002,Running,1824.30859375,1856.30859375,35.625,35.50009802327965,0.12490197672035208,0.12490197672035208,True,0.957572129275508,diag,3,psd 10-45
x003,Rest,64.26171875,96.26171875,11.25,15.987836050459947,4.737836050459947,-4.737836050459947,True,0.9889099161474626,diag,3,psd 10-45
x003,Rest,96.26171875,128.26171875,13.125,11.902134112202342,1.2228658877976581,1.2228658877976581,True,0.9906974465507056,diag,3,psd 10-45
x003,Rest,128.26171875,160.26171875,13.125,12.720597529014684,0.4044024709853158,0.4044024709853158,True,0.9888280614892481,diag,3,psd 10-45
x003,Rest,160.26171875,192.26171875,15.0,15.337689475055445,0.3376894750554449,-0.3376894750554449,True,0.9877729835411077,diag,3,psd 10-45
x003,Rest,192.26171875,224.26171875,16.875,14.568557734622942,2.3064422653770578,2.3064422653770578,True,0.9877707307698681,diag,3,psd 10-45
x003,Rest,224.26171875,256.26171875,11.25,13.839652583968196,2.5896525839681956,-2.5896525839681956,True,0.9886114653761954,diag,3,psd 10-45
x003,Rest,256.26171875,288.26171875,13.125,15.250062346551722,2.125062346551722,-2.125062346551722,True,0.9872911801871256,diag,3,psd 10-45
x003,Rest,288.26171875,320.26171875,11.25,13.414281609717712,2.1642816097177118,-2.1642816097177118,True,0.9901332748681216,diag,3,psd 10-45
x003,Rest,320.26171875,352.26171875,11.25,11.18744032897678,0.06255967102321947,0.06255967102321947,True,0.988872384361713,diag,3,psd 10-45
x003,Rest,352.26171875,384.26171875,16.875,9.383061323930164,7.491938676069836,7.491938676069836,True,0.9841855859497692,diag,3,psd 10-45
x003,Rest,384.26171875,416.26171875,16.875,17.198694922143446,0.32369492214344575,-0.32369492214344575,True,0.9825092471372182,diag,3,psd 10-45
x003,Rest,416.26171875,448.26171875,15.0,17.783141741012194,2.7831417410121944,-2.7831417410121944,True,0.9866701839546089,diag,3,psd 10-45
x003,Walking,448.26171875,480.26171875,26.25,22.82359386230537,3.426406137694631,3.426406137694631,True,0.9166589914973742,diag,3,psd 10-45
x003,Walking,480.26171875,512.26171875,24.375,21.85588065931829,2.5191193406817085,2.5191193406817085,True,0.82802147396756,diag,3,psd 10-45
x003,Walking,512.26171875,544.26171875,24.375,22.177438993918603,2.197561006081397,2.197561006081397,True,0.7762718013726646,hr,3,psd 10-45
x003,Walking,544.26171875,576.26171875,24.375,24.34585433211342,0.02914566788658135,0.02914566788658135,True,0.7366772421846833,hr,3,psd 10-45
x003,Walking,576.26171875,608.26171875,24.375,24.156407178229635,0.21859282177036476,0.21859282177036476,True,0.7116992620764977,hr,3,psd 10-45
x003,Walking,608.26171875,640.26171875,22.5,23.754146035930262,1.2541460359302619,-1.2541460359302619,True,0.615115411285524,hr,3,psd 10-45
x003,Walking,640.26171875,672.26171875,13.125,20.03728174076579,6.912281740765788,-6.912281740765788,True,0.592054473078177,hr,3,psd 10-45
x003,Walking,672.26171875,704.26171875,22.5,20.093785022814753,2.406214977185247,2.406214977185247,True,0.5466372096837728,hr,3,psd 10-45
x003,Walking,704.26171875,736.26171875,24.375,22.737027205431907,1.6379727945680926,1.6379727945680926,False,0.49770622706934664,bad,3,psd 10-45
x003,Walking,736.26171875,768.26171875,20.625,23.602798877125885,2.9777988771258848,-2.9777988771258848,True,0.7755951299673307,hr,3,psd 10-45
x003,Walking,768.26171875,800.26171875,11.25,23.028232081039814,11.778232081039814,-11.778232081039814,True,0.9812134338264503,diag,3,psd 10-45
x003,Walking,800.26171875,832.26171875,18.75,15.767164220200367,2.9828357797996325,2.9828357797996325,True,0.9859335688909354,diag,3,psd 10-45
x003,Walking,832.26171875,864.26171875,11.25,13.689495121744159,2.4394951217441587,-2.4394951217441587,True,0.975961725943892,diag,3,psd 10-45
x003,Walking,864.26171875,896.26171875,16.875,13.339717228366963,3.535282771633037,3.535282771633037,True,0.9730296416185364,diag,3,psd 10-45
x003,Walking,896.26171875,928.26171875,22.5,19.610845677246814,2.8891543227531855,2.8891543227531855,True,0.9845192621531025,diag,3,psd 10-45
x003,Walking,928.26171875,960.26171875,13.125,18.139136009227585,5.014136009227585,-5.014136009227585,True,0.9886437238427441,diag,3,psd 10-45
x003,Walking,960.26171875,992.26171875,11.25,11.539286441834882,0.28928644183488217,-0.28928644183488217,True,0.9912682330622355,diag,3,psd 10-45
x003,Walking,992.26171875,1024.26171875,16.875,14.177414555667951,2.6975854443320486,2.6975854443320486,True,0.9904463862479027,diag,3,psd 10-45
x003,Walking,1024.26171875,1056.26171875,15.0,15.408312323129076,0.40831232312907595,-0.40831232312907595,True,0.986829363611078,diag,3,psd 10-45
x003,Walking,1056.26171875,1088.26171875,11.25,20.664408218024505,9.414408218024505,-9.414408218024505,True,0.9850809903952199,diag,3,psd 10-45
x003,Walking,1088.26171875,1120.26171875,11.25,27.875963005114198,16.625963005114198,-16.625963005114198,True,0.988621768018758,diag,3,psd 10-45
x003,Walking,1120.26171875,1152.26171875,11.25,26.47771237991278,15.22771237991278,-15.22771237991278,True,0.9882260912967364,diag,3,psd 10-45
x003,Walking,1152.26171875,1184.26171875,15.0,22.13615427578968,7.1361542757896785,-7.1361542757896785,True,0.9830314519485595,diag,3,psd 10-45
x003,Walking,1184.26171875,1216.26171875,18.75,12.449568286411573,6.300431713588427,6.300431713588427,True,0.9861507977625382,diag,3,psd 10-45
x003,Walking,1216.26171875,1248.26171875,16.875,11.311369054774751,5.563630945225249,5.563630945225249,True,0.9885356288061521,diag,3,psd 10-45
x003,Walking,1248.26171875,1280.26171875,11.25,13.151253217903331,1.9012532179033315,-1.9012532179033315,True,0.9886761088413106,diag,3,psd 10-45
x003,Walking,1280.26171875,1312.26171875,16.875,11.345705812548143,5.529294187451857,5.529294187451857,True,0.9892604914129125,diag,3,psd 10-45
x003,Walking,1312.26171875,1344.26171875,11.25,14.959747365639991,3.7097473656399913,-3.7097473656399913,True,0.9896679454117101,diag,3,psd 10-45
x003,2-Back,1344.26171875,1376.26171875,18.75,13.335517107349752,5.414482892650248,5.414482892650248,True,0.9889724826169655,diag,3,psd 10-45
x003,2-Back,1376.26171875,1408.26171875,15.0,28.66841705777572,13.66841705777572,-13.66841705777572,True,0.9852865621338389,diag,3,psd 10-45
x003,2-Back,1408.26171875,1440.26171875,30.0,29.812599921500667,0.1874000784993335,0.1874000784993335,True,0.990259118739681,diag,3,psd 10-45
x003,2-Back,1440.26171875,1472.26171875,18.75,29.90639566330104,11.15639566330104,-11.15639566330104,True,0.9885631789367579,diag,3,psd 10-45
x003,2-Back,1472.26171875,1504.26171875,18.75,27.625037511983653,8.875037511983653,-8.875037511983653,True,0.9920018285341351,diag,3,psd 10-45
x003,2-Back,1504.26171875,1536.26171875,22.5,29.783267649753697,7.283267649753697,-7.283267649753697,True,0.9866466844927197,diag,3,psd 10-45
x003,2-Back,1536.26171875,1568.26171875,30.0,29.437428257174798,0.5625717428252024,0.5625717428252024,True,0.976382903714274,diag,3,psd 10-45
x003,2-Back,1568.26171875,1600.26171875,30.0,29.496952921936405,0.5030470780635952,0.5030470780635952,True,0.9903207395167479,diag,3,psd 10-45
x003,2-Back,1600.26171875,1632.26171875,30.0,28.466786713439127,1.5332132865608727,1.5332132865608727,True,0.9890769815259409,diag,3,psd 10-45
x003,2-Back,1632.26171875,1664.26171875,15.0,19.974654781242805,4.974654781242805,-4.974654781242805,True,0.9610050379560029,diag,3,psd 10-45
x003,2-Back,1664.26171875,1696.26171875,11.25,10.820534168137392,0.42946583186260767,0.42946583186260767,True,0.9799084280845273,diag,3,psd 10-45
x003,2-Back,1696.26171875,1728.26171875,11.25,7.722860008537978,3.527139991462022,3.527139991462022,True,0.9824652248362218,diag,3,psd 10-45
x003,2-Back,1728.26171875,1760.26171875,20.625,8.243955312203695,12.381044687796305,12.381044687796305,True,0.9734646600988687,diag,3,psd 10-45
x003,2-Back,1760.26171875,1792.26171875,11.25,10.84170603935727,0.40829396064273027,0.40829396064273027,True,0.989959706135296,diag,3,psd 10-45
x003,2-Back,1792.26171875,1824.26171875,11.25,9.7842914234279,1.4657085765720996,1.4657085765720996,True,0.9414052634901279,diag,3,psd 10-45
x003,2-Back,1824.26171875,1856.26171875,26.25,22.53138371996587,3.71861628003413,3.71861628003413,True,0.9420918906212254,diag,3,psd 10-45
x003,2-Back,1856.26171875,1888.26171875,35.625,29.170450061686488,6.454549938313512,6.454549938313512,True,0.9254704501030644,diag,3,psd 10-45
x003,2-Back,1888.26171875,1920.26171875,22.5,24.55326685545596,2.053266855455959,-2.053266855455959,True,0.9854395534288093,diag,3,psd 10-45
x003,2-Back,1920.26171875,1952.26171875,24.375,23.540365927327947,0.8346340726720527,0.8346340726720527,True,0.9828006206739792,diag,3,psd 10-45
x003,2-Back,1952.26171875,1984.26171875,16.875,17.003928042275035,0.12892804227503518,-0.12892804227503518,True,0.9800118290082762,diag,3,psd 10-45
x003,2-Back,1984.26171875,2016.26171875,16.875,19.703684189537036,2.828684189537036,-2.828684189537036,True,0.9826671519147463,diag,3,psd 10-45
x003,2-Back,2016.26171875,2048.26171875,15.0,16.52306360142542,1.5230636014254202,-1.5230636014254202,True,0.9840908053155524,diag,3,psd 10-45
x003,2-Back,2048.26171875,2080.26171875,11.25,16.599709228132042,5.349709228132042,-5.349709228132042,True,0.9617566900792921,diag,3,psd 10-45
x003,Running,2080.26171875,2112.26171875,11.25,26.284337890266393,15.034337890266393,-15.034337890266393,True,0.8167714751242353,diag,3,psd 10-45
x003,Running,2112.26171875,2144.26171875,24.375,24.11801861522173,0.25698138477827115,0.25698138477827115,True,0.6237105830379995,hr,3,psd 10-45
x003,Running,2144.26171875,2176.26171875,31.875,35.956797835142346,4.081797835142346,-4.081797835142346,True,0.6304833391514132,hr,3,psd 10-45
x003,Running,2176.26171875,2208.26171875,28.125,26.19854072489563,1.9264592751043708,1.9264592751043708,True,0.6202023156626404,hr,3,psd 10-45
x003,Running,2208.26171875,2240.26171875,30.0,26.885873761132494,3.114126238867506,3.114126238867506,True,0.632829485397035,hr,3,psd 10-45
x003,Running,2240.26171875,2272.26171875,30.0,30.922422732501207,0.9224227325012073,-0.9224227325012073,True,0.71926866825595,hr,3,psd 10-45
x003,Running,2272.26171875,2304.26171875,26.25,27.476714492690842,1.2267144926908422,-1.2267144926908422,True,0.7402572699494855,hr,3,psd 10-45
x003,Running,2304.26171875,2336.26171875,31.875,30.17544290530993,1.6995570946900713,1.6995570946900713,True,0.739550594513534,hr,3,psd 10-45
x003,Running,2336.26171875,2368.26171875,30.0,28.93953927342291,1.060460726577091,1.060460726577091,True,0.768766530520038,hr,3,psd 10-45
x004,Rest,96.140625,128.140625,13.125,17.95410583026318,4.829105830263181,-4.829105830263181,True,0.9687059504522361,diag,3,psd 10-45
x004,Rest,128.140625,160.140625,15.0,15.00174824797654,0.0017482479765398296,-0.0017482479765398296,True,0.9729920151604141,diag,3,psd 10-45
x004,Rest,160.140625,192.140625,16.875,15.795918678066798,1.0790813219332023,1.0790813219332023,True,0.9738640584074398,diag,3,psd 10-45
x004,Rest,192.140625,224.140625,16.875,17.296004569275894,0.4210045692758939,-0.4210045692758939,True,0.9745632037965661,diag,3,psd 10-45
x004,Rest,224.140625,256.140625,11.25,14.676473422439184,3.4264734224391837,-3.4264734224391837,True,0.9596881918073654,diag,3,psd 10-45
x004,Rest,256.140625,288.140625,16.875,14.479810654689228,2.395189345310772,2.395189345310772,True,0.9712013994168978,diag,3,psd 10-45
x004,Rest,288.140625,320.140625,16.875,18.17104846409549,1.2960484640954917,-1.2960484640954917,True,0.9650453308586737,diag,3,psd 10-45
x004,Rest,320.140625,352.140625,15.0,14.830776067148143,0.16922393285185677,0.16922393285185677,True,0.9650247148383657,diag,3,psd 10-45
x004,Rest,352.140625,384.140625,15.0,16.920979797628405,1.920979797628405,-1.920979797628405,True,0.9765495253871391,diag,3,psd 10-45
x004,Rest,384.140625,416.140625,11.25,12.770190065631041,1.5201900656310414,-1.5201900656310414,True,0.9571959565413682,diag,3,psd 10-45
x004,Rest,416.140625,448.140625,11.25,12.90442249509124,1.6544224950912394,-1.6544224950912394,True,0.966691504776114,diag,3,psd 10-45
x004,Rest,448.140625,480.140625,28.125,11.87689126295644,16.24810873704356,16.24810873704356,True,0.945466135785335,diag,3,psd 10-45
x004,Walking,480.140625,512.140625,13.125,11.139719263944382,1.9852807360556177,1.9852807360556177,True,0.9014424113977917,diag,3,psd 10-45
x004,Walking,512.140625,544.140625,15.0,13.733428197886603,1.266571802113397,1.266571802113397,True,0.86610921861399,diag,3,psd 10-45
x004,Walking,544.140625,576.140625,22.5,18.428371586006094,4.071628413993906,4.071628413993906,True,0.9008847169376695,diag,3,psd 10-45
x004,Walking,576.140625,608.140625,22.5,21.610259498803188,0.8897405011968118,0.8897405011968118,True,0.8961818210557458,diag,3,psd 10-45
x004,Walking,608.140625,640.140625,18.75,19.67468501919759,0.9246850191975895,-0.9246850191975895,True,0.9001121625227815,diag,3,psd 10-45
x004,Walking,640.140625,672.140625,18.75,19.12690759185503,0.37690759185503,-0.37690759185503,True,0.913913188195952,diag,3,psd 10-45
x004,Walking,672.140625,704.140625,18.75,17.60852745252505,1.141472547474951,1.141472547474951,True,0.8939264615853494,diag,3,psd 10-45
x004,Walking,704.140625,736.140625,18.75,18.296054166925998,0.4539458330740018,0.4539458330740018,True,0.913663445638169,diag,3,psd 10-45
x004,Walking,736.140625,768.140625,18.75,19.656254842262193,0.906254842262193,-0.906254842262193,True,0.9134046769341414,diag,3,psd 10-45
x004,Walking,768.140625,800.140625,18.75,19.858425534091634,1.1084255340916336,-1.1084255340916336,True,0.923844808400518,diag,3,psd 10-45
x004,Walking,800.140625,832.140625,15.0,17.031251751297503,2.0312517512975035,-2.0312517512975035,True,0.9602485700099092,diag,3,psd 10-45
x004,Walking,832.140625,864.140625,18.75,20.860252656088477,2.110252656088477,-2.110252656088477,True,0.9528995958043108,diag,3,psd 10-45
x004,Walking,864.140625,896.140625,16.875,14.411805595826875,2.463194404173125,2.463194404173125,True,0.9664738085106329,diag,3,psd 10-45
x004,Walking,896.140625,928.140625,11.25,18.198615212884594,6.948615212884594,-6.948615212884594,True,0.946719303122414,diag,3,psd 10-45
x004,Walking,928.140625,960.140625,13.125,17.375032319864303,4.250032319864303,-4.250032319864303,True,0.9636742243655264,diag,3,psd 10-45
x004,Walking,960.140625,992.140625,15.0,17.59563753245016,2.5956375324501586,-2.5956375324501586,True,0.9712434914744226,diag,3,psd 10-45
x004,Walking,992.140625,1024.140625,30.0,24.78316307837964,5.216836921620359,5.216836921620359,True,0.9756814373611027,diag,3,psd 10-45
x004,Walking,1024.140625,1056.140625,18.75,26.316141201974304,7.566141201974304,-7.566141201974304,True,0.9729690025234616,diag,3,psd 10-45
x004,Walking,1056.140625,1088.140625,11.25,22.57161974805457,11.32161974805457,-11.32161974805457,True,0.9646422133729096,diag,3,psd 10-45
x004,2-Back,1088.140625,1120.140625,16.875,13.303263699785477,3.571736300214523,3.571736300214523,True,0.9544125752731093,diag,3,psd 10-45
x004,2-Back,1120.140625,1152.140625,26.25,15.95044420996964,10.29955579003036,10.29955579003036,True,0.9728539672446415,diag,3,psd 10-45
x004,2-Back,1152.140625,1184.140625,28.125,30.064297778420354,1.9392977784203538,-1.9392977784203538,True,0.9764511082023054,diag,3,psd 10-45
x004,2-Back,1184.140625,1216.140625,18.75,27.78304009565983,9.033040095659828,-9.033040095659828,True,0.9822579858498066,diag,3,psd 10-45
x004,2-Back,1216.140625,1248.140625,16.875,27.465037646106175,10.590037646106175,-10.590037646106175,True,0.9803048494417145,diag,3,psd 10-45
x004,2-Back,1248.140625,1280.140625,18.75,25.534952403953774,6.784952403953774,-6.784952403953774,True,0.9741516047144478,diag,3,psd 10-45
x004,2-Back,1280.140625,1312.140625,28.125,26.794096787800772,1.3309032121992281,1.3309032121992281,True,0.9726846875873338,diag,3,psd 10-45
x004,2-Back,1312.140625,1344.140625,13.125,27.72430741452736,14.59930741452736,-14.59930741452736,True,0.9760234830323401,diag,3,psd 10-45
x004,2-Back,1344.140625,1376.140625,16.875,25.0882981465524,8.2132981465524,-8.2132981465524,True,0.9775683318152796,diag,3,psd 10-45
x004,2-Back,1376.140625,1408.140625,11.25,27.503656796717962,16.253656796717962,-16.253656796717962,True,0.9628997713513845,diag,3,psd 10-45
x004,2-Back,1408.140625,1440.140625,11.25,19.06799144575345,7.817991445753449,-7.817991445753449,True,0.9572669428864952,diag,3,psd 10-45
x004,2-Back,1440.140625,1472.140625,11.25,18.21883201160321,6.968832011603212,-6.968832011603212,True,0.9413469172521619,diag,3,psd 10-45
x004,2-Back,1472.140625,1504.140625,18.75,17.985365564553,0.7646344354470003,0.7646344354470003,True,0.9497673945840014,diag,3,psd 10-45
x004,2-Back,1504.140625,1536.140625,15.0,14.70772631316192,0.2922736868380795,0.2922736868380795,True,0.9013775048248459,diag,3,psd 10-45
x004,Running,1536.140625,1568.140625,16.875,13.654425526717693,3.2205744732823067,3.2205744732823067,True,0.9046449335094258,diag,3,psd 10-45
x004,Running,1568.140625,1600.140625,15.0,16.295949193524237,1.2959491935242369,-1.2959491935242369,True,0.9160843931875514,diag,3,psd 10-45
x004,Running,1600.140625,1632.140625,20.625,18.965032109881697,1.6599678901183026,1.6599678901183026,True,0.9234694497224223,diag,3,psd 10-45
x004,Running,1632.140625,1664.140625,22.5,21.137856586608635,1.3621434133913652,1.3621434133913652,True,0.9265980277495518,diag,3,psd 10-45
x004,Running,1664.140625,1696.140625,20.625,23.6267824764994,3.0017824764994003,-3.0017824764994003,True,0.9217391564397078,diag,3,psd 10-45
x004,Running,1696.140625,1728.140625,22.5,22.387898370560706,0.11210162943929447,0.11210162943929447,True,0.9301512456071703,diag,3,psd 10-45
x004,Running,1728.140625,1760.140625,26.25,25.202154572155493,1.047845427844507,1.047845427844507,True,0.9255118978459381,diag,3,psd 10-45
x004,Running,1760.140625,1792.140625,28.125,24.246386828555238,3.878613171444762,3.878613171444762,True,0.9276879286000332,diag,3,psd 10-45
x004,Running,1792.140625,1824.140625,22.5,25.772039425827806,3.2720394258278063,-3.2720394258278063,True,0.929078716536035,diag,3,psd 10-45
x005,Rest,96.68359375,128.68359375,13.125,16.103183046652575,2.9781830466525747,-2.9781830466525747,True,0.9854539135049145,diag,3,psd 10-45
x005,Rest,128.68359375,160.68359375,15.0,13.689368379110832,1.3106316208891684,1.3106316208891684,True,0.9749564663405236,diag,3,psd 10-45
x005,Rest,160.68359375,192.68359375,13.125,14.529259434871767,1.4042594348717667,-1.4042594348717667,True,0.983451091258832,diag,3,psd 10-45
x005,Rest,192.68359375,224.68359375,24.375,14.562418464076856,9.812581535923144,9.812581535923144,True,0.9774190297973381,diag,3,psd 10-45
x005,Rest,224.68359375,256.68359375,15.0,14.120241814245624,0.8797581857543761,0.8797581857543761,True,0.9827262239531157,diag,3,psd 10-45
x005,Rest,256.68359375,288.68359375,13.125,14.317126587170016,1.1921265871700157,-1.1921265871700157,True,0.983644090897601,diag,3,psd 10-45
x005,Rest,288.68359375,320.68359375,15.0,14.338978862544879,0.6610211374551209,0.6610211374551209,True,0.9789786287160428,diag,3,psd 10-45
x005,Rest,320.68359375,352.68359375,15.0,15.026449689719911,0.026449689719910907,-0.026449689719910907,True,0.9613874413164389,diag,3,psd 10-45
x005,Rest,352.68359375,384.68359375,18.75,15.790701635032601,2.959298364967399,2.959298364967399,True,0.9644351113514315,diag,3,psd 10-45
x005,Rest,384.68359375,416.68359375,13.125,14.553087891768904,1.4280878917689037,-1.4280878917689037,True,0.9787549168148477,diag,3,psd 10-45
x005,Rest,416.68359375,448.68359375,13.125,19.735123252668153,6.610123252668153,-6.610123252668153,True,0.981420250465632,diag,3,psd 10-45
x005,Rest,448.68359375,480.68359375,28.125,21.289769698206626,6.8352303017933735,6.8352303017933735,True,0.9841455212931013,diag,3,psd 10-45
x005,Rest,480.68359375,512.68359375,20.625,22.915636893403473,2.290636893403473,-2.290636893403473,True,0.983808983722737,diag,3,psd 10-45
x005,Rest,512.68359375,544.68359375,22.5,20.210945704165116,2.289054295834884,2.289054295834884,True,0.9801896875574071,diag,3,psd 10-45
x005,Rest,544.68359375,576.68359375,13.125,20.2530455054832,7.1280455054832,-7.1280455054832,True,0.9614971464254207,diag,3,psd 10-45
x005,Walking,576.68359375,608.68359375,22.5,22.379668137336775,0.1203318626632246,0.1203318626632246,True,0.9506332089181886,diag,3,psd 10-45
x005,Walking,608.68359375,640.68359375,13.125,19.442184229976284,6.317184229976284,-6.317184229976284,True,0.967642057533819,diag,3,psd 10-45
x005,Walking,640.68359375,672.68359375,24.375,22.92817225752679,1.4468277424732108,1.4468277424732108,True,0.9619481842948087,diag,3,psd 10-45
x005,Walking,672.68359375,704.68359375,22.5,22.471496519800887,0.028503480199113085,0.028503480199113085,True,0.9674066027811142,diag,3,psd 10-45
x005,Walking,704.68359375,736.68359375,20.625,20.001875339709272,0.6231246602907277,0.6231246602907277,True,0.9704688232689321,diag,3,psd 10-45
x005,Walking,736.68359375,768.68359375,22.5,21.531152814197135,0.9688471858028649,0.9688471858028649,True,0.9677888366276952,diag,3,psd 10-45
x005,Walking,768.68359375,800.68359375,20.625,22.004715705729755,1.3797157057297547,-1.3797157057297547,True,0.9758484351315276,diag,3,psd 10-45
x005,Walking,800.68359375,832.68359375,20.625,20.59368557496762,0.03131442503238091,0.03131442503238091,True,0.9737329501432148,diag,3,psd 10-45
x005,Walking,832.68359375,864.68359375,15.0,19.273481402416635,4.273481402416635,-4.273481402416635,True,0.9723582053763538,diag,3,psd 10-45
x005,Walking,864.68359375,896.68359375,24.375,18.674562675387914,5.700437324612086,5.700437324612086,True,0.9734735849738029,diag,3,psd 10-45
x005,Walking,896.68359375,928.68359375,22.5,21.93633348293144,0.5636665170685617,0.5636665170685617,True,0.9791135937763878,diag,3,psd 10-45
x005,Walking,928.68359375,960.68359375,24.375,20.642089918425718,3.732910081574282,3.732910081574282,True,0.9724965169860883,diag,3,psd 10-45
x005,Walking,960.68359375,992.68359375,18.75,19.764071349714442,1.0140713497144418,-1.0140713497144418,True,0.9786407433598989,diag,3,psd 10-45
x005,Walking,992.68359375,1024.68359375,18.75,19.879672943197324,1.129672943197324,-1.129672943197324,True,0.9740426233315643,diag,3,psd 10-45
x005,Walking,1024.68359375,1056.68359375,13.125,20.6468442491857,7.521844249185701,-7.521844249185701,True,0.9796759269985446,diag,3,psd 10-45
x005,Walking,1056.68359375,1088.68359375,16.875,20.55776273001665,3.6827627300166483,-3.6827627300166483,True,0.9714810378324099,diag,3,psd 10-45
x005,Walking,1088.68359375,1120.68359375,11.25,21.368306014353074,10.118306014353074,-10.118306014353074,True,0.9815085212560399,diag,3,psd 10-45
x005,Walking,1120.68359375,1152.68359375,22.5,21.22528551274926,1.2747144872507405,1.2747144872507405,True,0.9798254755755887,diag,3,psd 10-45
x005,Walking,1152.68359375,1184.68359375,31.875,21.051452887726505,10.823547112273495,10.823547112273495,True,0.960762539295522,diag,3,psd 10-45
x005,Walking,1184.68359375,1216.68359375,30.0,27.818104256003238,2.181895743996762,2.181895743996762,True,0.9811675323423065,diag,3,psd 10-45
x005,Walking,1216.68359375,1248.68359375,31.875,17.983653862872494,13.891346137127506,13.891346137127506,True,0.9719393543733001,diag,3,psd 10-45
x005,2-Back,1248.68359375,1280.68359375,18.75,18.598465777984714,0.151534222015286,0.151534222015286,True,0.9798122150608037,diag,3,psd 10-45
x005,2-Back,1280.68359375,1312.68359375,16.875,16.18470830284491,0.6902916971550894,0.6902916971550894,True,0.9760071077532895,diag,3,psd 10-45
x005,2-Back,1312.68359375,1344.68359375,30.0,28.410501244251616,1.5894987557483837,1.5894987557483837,True,0.9689314046097042,diag,3,psd 10-45
x005,2-Back,1344.68359375,1376.68359375,30.0,28.32191633633513,1.6780836636648715,1.6780836636648715,True,0.9827680547353153,diag,3,psd 10-45
x005,2-Back,1376.68359375,1408.68359375,30.0,29.831350737088606,0.16864926291139426,0.16864926291139426,True,0.9812076879053577,diag,3,psd 10-45
x005,2-Back,1408.68359375,1440.68359375,28.125,26.007786503561764,2.117213496438236,2.117213496438236,True,0.9817124516304364,diag,3,psd 10-45
x005,2-Back,1440.68359375,1472.68359375,30.0,29.661025712167756,0.3389742878322437,0.3389742878322437,True,0.9831610991558937,diag,3,psd 10-45
x005,2-Back,1472.68359375,1504.68359375,30.0,26.28321799768593,3.716782002314069,3.716782002314069,True,0.9759022395947302,diag,3,psd 10-45
x005,2-Back,1504.68359375,1536.68359375,30.0,28.360679371539042,1.6393206284609576,1.6393206284609576,True,0.9730297259860977,diag,3,psd 10-45
x005,2-Back,1536.68359375,1568.68359375,30.0,28.450029334005606,1.549970665994394,1.549970665994394,True,0.9802834696290137,diag,3,psd 10-45
x005,2-Back,1568.68359375,1600.68359375,20.625,23.051692733633892,2.4266927336338924,-2.4266927336338924,True,0.9787749303687558,diag,3,psd 10-45
x005,2-Back,1600.68359375,1632.68359375,16.875,19.144059279159485,2.2690592791594852,-2.2690592791594852,True,0.9772378169416365,diag,3,psd 10-45
x005,2-Back,1632.68359375,1664.68359375,22.5,22.551178028857144,0.0511780288571444,-0.0511780288571444,True,0.9849488130079842,diag,3,psd 10-45
x005,2-Back,1664.68359375,1696.68359375,16.875,20.70624871592298,3.8312487159229818,-3.8312487159229818,True,0.9687382203476668,diag,3,psd 10-45
x005,Running,1696.68359375,1728.68359375,20.625,22.437488912488426,1.8124889124884263,-1.8124889124884263,True,0.9733748016586138,diag,3,psd 10-45
x005,Running,1728.68359375,1760.68359375,16.875,18.305040832224314,1.4300408322243143,-1.4300408322243143,True,0.970091050006949,diag,3,psd 10-45
x005,Running,1760.68359375,1792.68359375,22.5,22.43088485345627,0.06911514654373008,0.06911514654373008,True,0.9623804078665358,diag,3,psd 10-45
x005,Running,1792.68359375,1824.68359375,26.25,24.166781169819195,2.0832188301808046,2.0832188301808046,True,0.9636832148897693,diag,3,psd 10-45
x005,Running,1824.68359375,1856.68359375,28.125,24.648704592480925,3.476295407519075,3.476295407519075,True,0.9612746814285104,diag,3,psd 10-45
x005,Running,1856.68359375,1888.68359375,26.25,26.415602340528903,0.16560234052890266,-0.16560234052890266,True,0.9603033698758744,diag,3,psd 10-45
x005,Running,1888.68359375,1920.68359375,28.125,25.646837468771636,2.4781625312283637,2.4781625312283637,True,0.9572931535502738,diag,3,psd 10-45
x005,Running,1920.68359375,1952.68359375,33.75,27.262418773278235,6.487581226721765,6.487581226721765,True,0.966719782326475,diag,3,psd 10-45
x005,Running,1952.68359375,1984.68359375,26.25,27.064126769978678,0.814126769978678,-0.814126769978678,True,0.9572519631607912,diag,3,psd 10-45
x005,Running,1984.68359375,2001.578125,28.41156069364162,27.05516871284266,1.356391980798957,1.356391980798957,True,0.9565674026431592,diag,3,psd 10-45
x006,Rest,96.390625,128.390625,13.125,17.667071273504632,4.542071273504632,-4.542071273504632,True,0.5462614762318435,hr,3,psd 10-45
x006,Rest,128.390625,160.390625,13.125,12.619975876212427,0.5050241237875728,0.5050241237875728,True,0.630507665441454,hr,3,psd 10-45
x006,Rest,160.390625,192.390625,13.125,12.50615068598368,0.6188493140163196,0.6188493140163196,True,0.8223370735199159,diag,3,psd 10-45
x006,Rest,192.390625,224.390625,16.875,14.862540316687635,2.0124596833123647,2.0124596833123647,True,0.7654681911867671,hr,3,psd 10-45
x006,Rest,224.390625,256.390625,13.125,15.757637518339752,2.6326375183397523,-2.6326375183397523,True,0.7098991537655047,hr,3,psd 10-45
x006,Rest,256.390625,288.390625,13.125,17.148563012798263,4.023563012798263,-4.023563012798263,True,0.6153228518140784,hr,3,psd 10-45
x006,Rest,288.390625,320.390625,13.125,13.824791352764185,0.6997913527641852,-0.6997913527641852,True,0.7263355934856313,hr,3,psd 10-45
x006,Rest,320.390625,352.390625,13.125,12.93737621416384,0.18762378583615913,0.18762378583615913,True,0.7247318139663155,hr,3,psd 10-45
x006,Rest,352.390625,384.390625,15.0,14.026448607402171,0.9735513925978285,0.9735513925978285,True,0.7775617897752231,hr,3,psd 10-45
x006,Rest,384.390625,416.390625,13.125,15.418586256067861,2.2935862560678615,-2.2935862560678615,True,0.7439101973611445,hr,3,psd 10-45
x006,Rest,416.390625,448.390625,13.125,18.5113943777249,5.386394377724901,-5.386394377724901,False,0.28980232492682995,bad,3,psd 10-45
x006,Walking,448.390625,480.390625,28.125,26.64266195361757,1.4823380463824307,1.4823380463824307,False,0.15023579007428842,bad,3,psd 10-45
x006,Walking,480.390625,512.390625,45.0,28.702702531070003,16.297297468929997,16.297297468929997,False,0.14101843871689962,bad,3,psd 10-45
x006,Walking,512.390625,544.390625,16.875,28.678414503758084,11.803414503758084,-11.803414503758084,False,0.10472204420824946,bad,3,psd 10-45
x006,Walking,544.390625,576.390625,15.0,30.576353358136608,15.576353358136608,-15.576353358136608,False,0.15627741633675418,bad,3,psd 10-45
x006,Walking,576.390625,608.390625,11.25,30.97335436556245,19.72335436556245,-19.72335436556245,False,0.13702550699101637,bad,3,psd 10-45
x006,Walking,608.390625,640.390625,33.75,28.16388603810014,5.5861139618998585,5.5861139618998585,False,0.20210530409722705,bad,3,psd 10-45
x006,Walking,640.390625,672.390625,22.5,28.116985040396557,5.616985040396557,-5.616985040396557,False,0.15186851272961316,bad,3,psd 10-45
x006,Walking,672.390625,704.390625,30.0,25.070365382444642,4.929634617555358,4.929634617555358,False,0.12393120763534982,bad,3,psd 10-45
x006,Walking,704.390625,736.390625,11.25,28.52008878171046,17.27008878171046,-17.27008878171046,False,0.17271014673556556,bad,3,psd 10-45
x006,Walking,736.390625,768.390625,15.0,29.937190512616162,14.937190512616162,-14.937190512616162,True,0.765431768225988,hr,3,psd 10-45
x006,Walking,768.390625,800.390625,22.5,27.059556333291077,4.559556333291077,-4.559556333291077,True,0.5805247087196692,hr,3,psd 10-45
x006,Walking,800.390625,832.390625,24.375,20.194973512158857,4.180026487841143,4.180026487841143,True,0.8992776005051423,diag,3,psd 10-45
x006,Walking,832.390625,864.390625,24.375,25.567363926212366,1.1923639262123658,-1.1923639262123658,True,0.7807266504765819,hr,3,psd 10-45
x006,Walking,864.390625,896.390625,13.125,28.857627235476343,15.732627235476343,-15.732627235476343,True,0.6574296414626914,hr,3,psd 10-45
x006,Walking,896.390625,928.390625,11.25,24.82983639999281,13.57983639999281,-13.57983639999281,True,0.6642143890407014,hr,3,psd 10-45
x006,Walking,928.390625,960.390625,24.375,23.15152259019944,1.2234774098005587,1.2234774098005587,True,0.7955776351852342,hr,3,psd 10-45
x006,Walking,960.390625,992.390625,22.5,21.778062225556848,0.7219377744431519,0.7219377744431519,True,0.8625462649446387,diag,3,psd 10-45
x006,Walking,992.390625,1024.390625,24.375,27.486021700427518,3.111021700427518,-3.111021700427518,True,0.8183468235505468,diag,3,psd 10-45
x006,Walking,1024.390625,1056.390625,20.625,23.54834036778496,2.9233403677849594,-2.9233403677849594,True,0.8323250465790792,diag,3,psd 10-45
x006,Walking,1056.390625,1088.390625,18.75,22.494041946396635,3.744041946396635,-3.744041946396635,True,0.8421616479764241,diag,3,psd 10-45
x006,2-Back,1088.390625,1120.390625,22.5,20.637483292375965,1.8625167076240352,1.8625167076240352,True,0.9644525527554851,diag,3,psd 10-45
x006,2-Back,1120.390625,1152.390625,28.125,24.123990409921923,4.001009590078077,4.001009590078077,True,0.9766810985801664,diag,3,psd 10-45
x006,2-Back,1152.390625,1184.390625,20.625,25.574878137855436,4.9498781378554355,-4.9498781378554355,True,0.9528160856655692,diag,3,psd 10-45
x006,2-Back,1184.390625,1216.390625,11.25,28.576185545066686,17.326185545066686,-17.326185545066686,True,0.9655803344655635,diag,3,psd 10-45
x006,2-Back,1216.390625,1248.390625,22.5,17.74982869390412,4.750171306095879,4.750171306095879,True,0.9512739946745338,diag,3,psd 10-45
x006,2-Back,1248.390625,1280.390625,18.75,19.58002800084993,0.8300280008499286,-0.8300280008499286,True,0.9576092335427193,diag,3,psd 10-45
x006,2-Back,1280.390625,1312.390625,20.625,25.196733531456637,4.571733531456637,-4.571733531456637,True,0.9724337593627429,diag,3,psd 10-45
x006,2-Back,1312.390625,1344.390625,30.0,27.392126361516784,2.607873638483216,2.607873638483216,True,0.9548171838269359,diag,3,psd 10-45
x006,2-Back,1344.390625,1376.390625,11.25,26.437722059497997,15.187722059497997,-15.187722059497997,True,0.9600340166548602,diag,3,psd 10-45
x006,2-Back,1376.390625,1408.390625,11.25,27.430882929912443,16.180882929912443,-16.180882929912443,True,0.7930374311217419,hr,3,psd 10-45
x006,2-Back,1408.390625,1440.390625,11.25,24.162637421893855,12.912637421893855,-12.912637421893855,True,0.6774305273982042,hr,3,psd 10-45
x006,2-Back,1440.390625,1472.390625,15.0,24.41868711626269,9.418687116262689,-9.418687116262689,True,0.6585301952960603,hr,3,psd 10-45
x006,Running,1472.390625,1504.390625,28.125,24.250049798175013,3.874950201824987,3.874950201824987,False,0.10364755791916128,bad,3,psd 10-45
x006,Running,1504.390625,1536.390625,39.375,21.150070976120766,18.224929023879234,18.224929023879234,False,0.13241339258523838,bad,3,psd 10-45
x006,Running,1536.390625,1568.390625,33.75,24.962641018701582,8.787358981298418,8.787358981298418,False,0.13160473611688095,bad,3,psd 10-45
x006,Running,1568.390625,1600.390625,33.75,25.693774097682855,8.056225902317145,8.056225902317145,False,0.08073867170300339,bad,3,psd 10-45
x006,Running,1600.390625,1632.390625,13.125,26.718546407208805,13.593546407208805,-13.593546407208805,False,0.14845673512944307,bad,3,psd 10-45
x006,Running,1632.390625,1664.390625,16.875,26.17010116824794,9.295101168247939,-9.295101168247939,False,0.13927176691273274,bad,3,psd 10-45
x006,Running,1664.390625,1696.390625,28.125,27.617119670864263,0.5078803291357374,0.5078803291357374,False,0.11359795381163039,bad,3,psd 10-45
x006,Running,1696.390625,1728.390625,18.75,27.28104204888976,8.53104204888976,-8.53104204888976,False,0.12972074913281822,bad,3,psd 10-45
x006,Running,1728.390625,1760.390625,24.375,27.569982036053947,3.194982036053947,-3.194982036053947,False,0.12011939558405814,bad,3,psd 10-45
x006,Running,1760.390625,1776.640625,11.076923076923077,27.566283333425794,16.489360256502717,-16.489360256502717,False,0.2846067103814515,bad,3,psd 10-45
x007,Rest,160.43359375,192.43359375,15.0,17.644851166864637,2.644851166864637,-2.644851166864637,True,0.8045153855267043,diag,3,psd 10-45
x007,Rest,192.43359375,224.43359375,20.625,13.487318286450815,7.137681713549185,7.137681713549185,True,0.8552337976087804,diag,3,psd 10-45
x007,Rest,224.43359375,256.43359375,13.125,11.363573226370784,1.761426773629216,1.761426773629216,True,0.7663828870478752,hr,3,psd 10-45
x007,Rest,256.43359375,288.43359375,16.875,15.150584860337592,1.7244151396624083,1.7244151396624083,True,0.7882743125561087,hr,3,psd 10-45
x007,Rest,288.43359375,320.43359375,13.125,15.644943373348312,2.519943373348312,-2.519943373348312,True,0.6728487187035458,hr,3,psd 10-45
x007,Rest,320.43359375,352.43359375,16.875,16.906163032405864,0.031163032405864044,-0.031163032405864044,True,0.6790412629864518,hr,3,psd 10-45
x007,Rest,352.43359375,384.43359375,18.75,16.619308114875842,2.1306918851241576,2.1306918851241576,True,0.7669699267013198,hr,3,psd 10-45
x007,Rest,384.43359375,416.43359375,16.875,16.948879726703815,0.07387972670381515,-0.07387972670381515,True,0.7695902452070007,hr,3,psd 10-45
x007,Rest,416.43359375,448.43359375,15.0,16.988626560639574,1.9886265606395739,-1.9886265606395739,True,0.7381096049229456,hr,3,psd 10-45
x007,Rest,448.43359375,480.43359375,11.25,19.33237986052788,8.08237986052788,-8.08237986052788,True,0.6689019090338635,hr,3,psd 10-45
x007,Rest,480.43359375,512.43359375,18.75,18.605139748976253,0.1448602510237471,0.1448602510237471,True,0.7648214406470787,hr,3,psd 10-45
x007,Walking,512.43359375,544.43359375,35.625,17.715970057738883,17.909029942261117,17.909029942261117,True,0.6051038854227884,hr,3,psd 10-45
x007,Walking,544.43359375,576.43359375,11.25,24.12499639130849,12.874996391308489,-12.874996391308489,True,0.5323297721006386,hr,3,psd 10-45
x007,Walking,576.43359375,608.43359375,22.5,23.879075500817667,1.3790755008176667,-1.3790755008176667,False,0.48871152987581035,bad,3,psd 10-45
x007,Walking,608.43359375,640.43359375,30.0,22.689065639941525,7.310934360058475,7.310934360058475,False,0.3852537386028156,bad,3,psd 10-45
x007,Walking,640.43359375,672.43359375,13.125,23.61770776117328,10.492707761173278,-10.492707761173278,False,0.3545894947879848,bad,3,psd 10-45
x007,Walking,672.43359375,704.43359375,24.375,23.106623125096156,1.2683768749038435,1.2683768749038435,False,0.4315434538716657,bad,3,psd 10-45
x007,Walking,704.43359375,736.43359375,37.5,20.269909931288183,17.230090068711817,17.230090068711817,False,0.4405554578592326,bad,3,psd 10-45
x007,Walking,736.43359375,768.43359375,13.125,23.286851320855178,10.161851320855178,-10.161851320855178,False,0.38483373764327733,bad,3,psd 10-45
x007,Walking,768.43359375,800.43359375,13.125,22.50727058398641,9.382270583986411,-9.382270583986411,False,0.34927460665515797,bad,3,psd 10-45
x007,Walking,800.43359375,832.43359375,15.0,24.481405608287666,9.481405608287666,-9.481405608287666,False,0.38725349515570145,bad,3,psd 10-45
x007,Walking,832.43359375,864.43359375,18.75,21.261339781563642,2.511339781563642,-2.511339781563642,False,0.4668666106523755,bad,3,psd 10-45
x007,Walking,864.43359375,896.43359375,20.625,22.428942829710977,1.8039428297109765,-1.8039428297109765,True,0.5326762542469994,hr,3,psd 10-45
x007,Walking,896.43359375,928.43359375,18.75,19.07385981966209,0.3238598196620899,-0.3238598196620899,True,0.5569886087887649,hr,3,psd 10-45
x007,Walking,928.43359375,960.43359375,16.875,17.22439129772684,0.3493912977268394,-0.3493912977268394,True,0.6901981225900279,hr,3,psd 10-45
x007,Walking,960.43359375,992.43359375,15.0,16.935915108613347,1.9359151086133473,-1.9359151086133473,True,0.6497060257114906,hr,3,psd 10-45
x007,Walking,992.43359375,1024.43359375,16.875,15.720357908303196,1.1546420916968039,1.1546420916968039,True,0.6027439919246531,hr,3,psd 10-45
x007,Walking,1024.43359375,1056.43359375,22.5,16.31250651472118,6.1874934852788215,6.1874934852788215,True,0.689681561909675,hr,3,psd 10-45
x007,Walking,1056.43359375,1088.43359375,11.25,14.65780236084047,3.4078023608404706,-3.4078023608404706,True,0.7206892440989275,hr,3,psd 10-45
x007,Walking,1088.43359375,1120.43359375,16.875,14.739850469279826,2.1351495307201738,2.1351495307201738,True,0.7248617206841288,hr,3,psd 10-45
x007,2-Back,1120.43359375,1152.43359375,28.125,13.920464966581198,14.204535033418802,14.204535033418802,True,0.6590651460859426,hr,3,psd 10-45
x007,2-Back,1152.43359375,1184.43359375,18.75,16.82550208185231,1.92449791814769,1.92449791814769,True,0.7567989676165954,hr,3,psd 10-45
x007,2-Back,1184.43359375,1216.43359375,15.0,25.975650971961677,10.975650971961677,-10.975650971961677,True,0.7996304024530168,hr,3,psd 10-45
x007,2-Back,1216.43359375,1248.43359375,13.125,15.355059646526712,2.230059646526712,-2.230059646526712,True,0.7842119013030875,hr,3,psd 10-45
x007,2-Back,1248.43359375,1280.43359375,31.875,18.64775829936987,13.227241700630131,13.227241700630131,True,0.7908368902335037,hr,3,psd 10-45
x007,2-Back,1280.43359375,1312.43359375,15.0,18.397689665197884,3.397689665197884,-3.397689665197884,True,0.8004496281084446,diag,3,psd 10-45
x007,2-Back,1312.43359375,1344.43359375,16.875,17.90621976707733,1.0312197670773315,-1.0312197670773315,True,0.8167966225374622,diag,3,psd 10-45
x007,2-Back,1344.43359375,1376.43359375,28.125,19.170468235426462,8.954531764573538,8.954531764573538,True,0.8013737865783312,diag,3,psd 10-45
x007,2-Back,1376.43359375,1408.43359375,13.125,18.72155625675026,5.596556256750262,-5.596556256750262,True,0.7199757818331163,hr,3,psd 10-45
x007,2-Back,1408.43359375,1440.43359375,13.125,16.86934150486377,3.744341504863769,-3.744341504863769,True,0.6498225448924599,hr,3,psd 10-45
x007,2-Back,1440.43359375,1472.43359375,15.0,14.426149966783338,0.5738500332166616,0.5738500332166616,False,0.49164317957276266,bad,3,psd 10-45
x007,2-Back,1472.43359375,1504.43359375,11.25,15.340911316722801,4.090911316722801,-4.090911316722801,True,0.7039714632798447,hr,3,psd 10-45
x007,2-Back,1504.43359375,1536.43359375,13.125,15.454603539037528,2.329603539037528,-2.329603539037528,True,0.6699120527996385,hr,3,psd 10-45
x007,Running,1536.43359375,1568.43359375,20.625,23.465959995473483,2.840959995473483,-2.840959995473483,False,0.43042496307081396,bad,3,psd 10-45
x007,Running,1568.43359375,1600.43359375,13.125,27.274016710165245,14.149016710165245,-14.149016710165245,False,0.4334642557472888,bad,3,psd 10-45
x007,Running,1600.43359375,1632.43359375,20.625,25.967415919964914,5.342415919964914,-5.342415919964914,False,0.35017453192259873,bad,3,psd 10-45
x007,Running,1632.43359375,1664.43359375,13.125,23.539819874655613,10.414819874655613,-10.414819874655613,False,,,2,psd 10-45
x007,Running,1664.43359375,1696.43359375,11.25,26.974424716629862,15.724424716629862,-15.724424716629862,False,0.3051931677617391,bad,3,psd 10-45
x007,Running,1696.43359375,1728.43359375,16.875,25.588074708886026,8.713074708886026,-8.713074708886026,False,0.19443448513841885,bad,3,psd 10-45
x007,Running,1728.43359375,1760.43359375,13.125,26.94159211879858,13.816592118798582,-13.816592118798582,False,0.2826273412179759,bad,3,psd 10-45
x007,Running,1760.43359375,1792.43359375,24.375,26.015787408642417,1.6407874086424172,-1.6407874086424172,False,0.22732181740664595,bad,3,psd 10-45
x007,Running,1792.43359375,1824.43359375,15.0,28.786897837107205,13.786897837107205,-13.786897837107205,False,,,2,psd 10-45
x008,Rest,288.12109375,320.12109375,11.25,15.259400205701523,4.009400205701523,-4.009400205701523,True,0.9142413861126226,diag,3,psd 10-45
x008,Rest,320.12109375,352.12109375,15.0,11.581358246689714,3.418641753310286,3.418641753310286,True,0.9207409987144128,diag,3,psd 10-45
x008,Rest,352.12109375,384.12109375,11.25,9.040698127330689,2.209301872669311,2.209301872669311,True,0.9315028927027597,diag,3,psd 10-45
x008,Rest,384.12109375,416.12109375,11.25,8.000121951962004,3.2498780480379956,3.2498780480379956,True,0.9305096276628992,diag,3,psd 10-45
x008,Rest,416.12109375,448.12109375,16.875,15.02605571188654,1.8489442881134597,1.8489442881134597,True,0.9329050801116935,diag,3,psd 10-45
x008,Rest,448.12109375,480.12109375,13.125,15.997318195200116,2.8723181952001156,-2.8723181952001156,True,0.9351611118333363,diag,3,psd 10-45
x008,Rest,480.12109375,512.12109375,15.0,13.845334869894245,1.154665130105755,1.154665130105755,True,0.9520560904606231,diag,3,psd 10-45
x008,Rest,512.12109375,544.12109375,20.625,19.689048499014085,0.9359515009859152,0.9359515009859152,True,0.9532607694176961,diag,3,psd 10-45
x008,Rest,544.12109375,576.12109375,13.125,16.676885853485715,3.5518858534857145,-3.5518858534857145,True,0.9009044169330666,diag,3,psd 10-45
x008,Rest,576.12109375,608.12109375,20.625,20.17888638296921,0.44611361703078956,0.44611361703078956,True,0.9399036286225315,diag,3,psd 10-45
x008,Rest,608.12109375,640.12109375,18.75,20.050364808970023,1.3003648089700235,-1.3003648089700235,True,0.8937897451112,diag,3,psd 10-45
x008,Rest,640.12109375,672.12109375,13.125,23.468061328803103,10.343061328803103,-10.343061328803103,True,0.89280043994719,diag,3,psd 10-45
x008,Walking,672.12109375,704.12109375,20.625,18.928806417620862,1.6961935823791379,1.6961935823791379,True,0.850457241405763,diag,3,psd 10-45
x008,Walking,704.12109375,736.12109375,22.5,22.521880444120526,0.021880444120526477,-0.021880444120526477,True,0.8575738091356245,diag,3,psd 10-45
x008,Walking,736.12109375,768.12109375,24.375,23.88592720284644,0.4890727971535611,0.4890727971535611,True,0.8618294656792503,diag,3,psd 10-45
x008,Walking,768.12109375,800.12109375,18.75,23.259427886317027,4.509427886317027,-4.509427886317027,True,0.7518422656599523,hr,3,psd 10-45
x008,Walking,800.12109375,832.12109375,18.75,23.646880326367956,4.896880326367956,-4.896880326367956,True,0.7235668444649269,hr,3,psd 10-45
x008,Walking,832.12109375,864.12109375,26.25,24.667198835521987,1.5828011644780133,1.5828011644780133,True,0.5893765965051141,hr,3,psd 10-45
x008,Walking,864.12109375,896.12109375,24.375,25.479723962149578,1.1047239621495777,-1.1047239621495777,True,0.6599650621731864,hr,3,psd 10-45
x008,Walking,896.12109375,928.12109375,18.75,25.500042482837458,6.750042482837458,-6.750042482837458,True,0.5987015234609544,hr,3,psd 10-45
x008,Walking,928.12109375,960.12109375,22.5,25.321882043552666,2.821882043552666,-2.821882043552666,False,0.4899912396812031,bad,3,psd 10-45
x008,Walking,960.12109375,992.12109375,11.25,22.58128385388997,11.331283853889971,-11.331283853889971,True,0.6911745487220864,hr,3,psd 10-45
x008,Walking,992.12109375,1024.12109375,22.5,23.2531057268284,0.7531057268284016,-0.7531057268284016,True,0.8808617573810895,diag,3,psd 10-45
x008,Walking,1024.12109375,1056.12109375,13.125,25.35582201941511,12.230822019415111,-12.230822019415111,True,0.8607992003492747,diag,3,psd 10-45
x008,Walking,1056.12109375,1088.12109375,11.25,20.204679962172662,8.954679962172662,-8.954679962172662,True,0.8520440437833833,diag,3,psd 10-45
x008,Walking,1088.12109375,1120.12109375,35.625,21.948870141959304,13.676129858040696,13.676129858040696,True,0.6778929123211469,hr,3,psd 10-45
x008,Walking,1120.12109375,1152.12109375,13.125,20.623450103512393,7.498450103512393,-7.498450103512393,True,0.8464406743958451,diag,3,psd 10-45
x008,Walking,1152.12109375,1184.12109375,18.75,21.5406523562729,2.7906523562729006,-2.7906523562729006,True,0.9304563510692557,diag,3,psd 10-45
x008,Walking,1184.12109375,1216.12109375,18.75,19.062550300105855,0.3125503001058547,-0.3125503001058547,True,0.9296157696416284,diag,3,psd 10-45
x008,Walking,1216.12109375,1248.12109375,31.875,20.160760690916717,11.714239309083283,11.714239309083283,True,0.9522600554427404,diag,3,psd 10-45
x008,Walking,1248.12109375,1280.12109375,30.0,26.678097630673285,3.3219023693267147,3.3219023693267147,True,0.9376294968079265,diag,3,psd 10-45
x008,Walking,1280.12109375,1312.12109375,11.25,25.39981388016667,14.149813880166668,-14.149813880166668,True,0.9052771199942924,diag,3,psd 10-45
x008,2-Back,1312.12109375,1344.12109375,30.0,17.217226635660374,12.782773364339626,12.782773364339626,True,0.7401151307467206,hr,3,psd 10-45
x008,2-Back,1344.12109375,1376.12109375,33.75,14.384809048606265,19.365190951393735,19.365190951393735,True,0.7349479485723442,hr,3,psd 10-45
x008,2-Back,1376.12109375,1408.12109375,18.75,24.70449145139893,5.95449145139893,-5.95449145139893,True,0.805665516326434,diag,3,psd 10-45
x008,2-Back,1408.12109375,1440.12109375,30.0,22.561027975869205,7.438972024130795,7.438972024130795,True,0.8537624972522835,diag,3,psd 10-45
x008,2-Back,1440.12109375,1472.12109375,16.875,26.981552289277,10.106552289277001,-10.106552289277001,True,0.7895093472097452,hr,3,psd 10-45
x008,2-Back,1472.12109375,1504.12109375,20.625,25.631004829730728,5.006004829730728,-5.006004829730728,True,0.6088398202822171,hr,3,psd 10-45
x008,2-Back,1504.12109375,1536.12109375,16.875,20.53429578558579,3.6592957855857904,-3.6592957855857904,True,0.7472393393902905,hr,3,psd 10-45
x008,2-Back,1536.12109375,1568.12109375,18.75,22.073447407291532,3.323447407291532,-3.323447407291532,True,0.8187154193166005,diag,3,psd 10-45
x008,2-Back,1568.12109375,1600.12109375,30.0,27.20784269349285,2.79215730650715,2.79215730650715,True,0.8012639998708352,diag,3,psd 10-45
x008,2-Back,1600.12109375,1632.12109375,11.25,17.462331913029104,6.212331913029104,-6.212331913029104,True,0.8727370559961097,diag,3,psd 10-45
x008,2-Back,1632.12109375,1664.12109375,18.75,11.197243302886296,7.552756697113704,7.552756697113704,True,0.8432292046812455,diag,3,psd 10-45
x008,2-Back,1664.12109375,1696.12109375,11.25,13.314086438944972,2.0640864389449725,-2.0640864389449725,True,0.6828473659357215,hr,3,psd 10-45
x008,2-Back,1696.12109375,1728.12109375,18.75,16.312448362861574,2.4375516371384265,2.4375516371384265,False,0.4620100958065956,bad,3,psd 10-45
x008,2-Back,1728.12109375,1760.12109375,22.5,11.623501617891309,10.876498382108691,10.876498382108691,False,0.4080458419712102,bad,3,psd 10-45
x008,Running,1760.12109375,1792.12109375,20.625,13.02498198040596,7.6000180195940406,7.6000180195940406,False,0.4506881006846429,bad,3,psd 10-45
x008,Running,1792.12109375,1824.12109375,16.875,22.907792746304935,6.032792746304935,-6.032792746304935,False,0.46258793093152956,bad,3,psd 10-45
x008,Running,1824.12109375,1856.12109375,24.375,22.82309337816225,1.5519066218377517,1.5519066218377517,False,0.375152308174598,bad,3,psd 10-45
x008,Running,1856.12109375,1888.12109375,16.875,18.798843838753783,1.9238438387537826,-1.9238438387537826,False,0.4811772208897001,bad,3,psd 10-45
x008,Running,1888.12109375,1920.12109375,15.0,16.18734341268941,1.1873434126894082,-1.1873434126894082,True,0.5982799124159448,hr,3,psd 10-45
x008,Running,1920.12109375,1952.12109375,16.875,16.885936727482363,0.010936727482363295,-0.010936727482363295,True,0.5511580767645909,hr,3,psd 10-45
x008,Running,1952.12109375,1984.12109375,16.875,16.551497977511943,0.32350202248805715,0.32350202248805715,True,0.5273747394664476,hr,3,psd 10-45
x008,Running,1984.12109375,2016.12109375,16.875,16.031049511188332,0.843950488811668,0.843950488811668,True,0.6564833627121583,hr,3,psd 10-45
x008,Running,2016.12109375,2048.12109375,16.875,15.999786126288855,0.8752138737111448,0.8752138737111448,True,0.8418708310988033,diag,3,psd 10-45
x008,Running,2048.12109375,2080.12109375,16.875,16.354557031925545,0.5204429680744553,0.5204429680744553,True,0.8020210207268575,diag,3,psd 10-45
x008,Running,2080.12109375,2112.015625,16.93080220453154,17.219443444059294,0.288641239527756,-0.288641239527756,True,0.6810788018766715,hr,3,psd 10-45
x009,Rest,96.48046875,128.48046875,11.25,15.897191657848884,4.647191657848884,-4.647191657848884,True,0.9640549764158999,diag,3,psd 10-45
x009,Rest,128.48046875,160.48046875,15.0,9.867859629936845,5.132140370063155,5.132140370063155,True,0.9574993777650282,diag,3,psd 10-45
x009,Rest,160.48046875,192.48046875,11.25,6.591652090899381,4.658347909100619,4.658347909100619,True,0.9656469690013716,diag,3,psd 10-45
x009,Rest,192.48046875,224.48046875,11.25,6.0,5.25,5.25,True,0.9615689460257375,diag,3,psd 10-45
x009,Rest,224.48046875,256.48046875,13.125,5.779279246388326,7.345720753611674,7.345720753611674,True,0.9696187192787773,diag,3,psd 10-45
x009,Rest,256.48046875,288.48046875,11.25,5.000213629566332,6.249786370433668,6.249786370433668,True,0.9628480199135726,diag,3,psd 10-45
x009,Rest,288.48046875,320.48046875,11.25,5.000213629566332,6.249786370433668,6.249786370433668,True,0.9670339358431267,diag,3,psd 10-45
x009,Rest,320.48046875,352.48046875,13.125,5.000213629566332,8.124786370433668,8.124786370433668,True,0.9685707962557617,diag,3,psd 10-45
x009,Rest,352.48046875,384.48046875,11.25,5.005188757577174,6.244811242422826,6.244811242422826,True,0.9614750049193826,diag,3,psd 10-45
x009,Rest,384.48046875,416.48046875,11.25,5.5283797699476604,5.7216202300523396,5.7216202300523396,True,0.9623158689005836,diag,3,psd 10-45
x009,Rest,416.48046875,448.48046875,18.75,5.591819301932013,13.158180698067987,13.158180698067987,True,0.9664347193182702,diag,3,psd 10-45
x009,Rest,448.48046875,480.48046875,18.75,5.000213629566332,13.749786370433668,13.749786370433668,True,0.9548888219675041,diag,3,psd 10-45
x009,Rest,480.48046875,512.48046875,18.75,7.17238711638472,11.57761288361528,11.57761288361528,True,0.9774189898558647,diag,3,psd 10-45
x009,Walking,512.48046875,544.48046875,24.375,21.024257960622066,3.350742039377934,3.350742039377934,True,0.9556207841619525,diag,3,psd 10-45
x009,Walking,544.48046875,576.48046875,26.25,22.840759290382668,3.4092407096173325,3.4092407096173325,True,0.9306140638967905,diag,3,psd 10-45
x009,Walking,576.48046875,608.48046875,24.375,24.09482883974111,0.28017116025889166,0.28017116025889166,True,0.9328535276898428,diag,3,psd 10-45
x009,Walking,608.48046875,640.48046875,24.375,24.72089552721441,0.3458955272144095,-0.3458955272144095,True,0.9446718623005296,diag,3,psd 10-45
x009,Walking,640.48046875,672.48046875,24.375,24.312573748097364,0.062426251902635954,0.062426251902635954,True,0.9216655819660897,diag,3,psd 10-45
x009,Walking,672.48046875,704.48046875,24.375,24.810654889363256,0.43565488936325636,-0.43565488936325636,True,0.9447268186357882,diag,3,psd 10-45
x009,Walking,704.48046875,736.48046875,24.375,23.965926188481365,0.40907381151863476,0.40907381151863476,True,0.9244249614652256,diag,3,psd 10-45
x009,Walking,736.48046875,768.48046875,24.375,24.880162627593602,0.5051626275936023,-0.5051626275936023,True,0.9162575345845909,diag,3,psd 10-45
x009,Walking,768.48046875,800.48046875,24.375,24.52933781718984,0.15433781718984108,-0.15433781718984108,True,0.9149895104017101,diag,3,psd 10-45
x009,Walking,800.48046875,832.48046875,22.5,23.523284162371827,1.0232841623718265,-1.0232841623718265,True,0.9182553500758732,diag,3,psd 10-45
x009,Walking,832.48046875,864.48046875,20.625,19.608959267267277,1.0160407327327228,1.0160407327327228,True,0.9588858720244742,diag,3,psd 10-45
x009,Walking,864.48046875,896.48046875,11.25,13.472556006829471,2.222556006829471,-2.222556006829471,True,0.9722403906867523,diag,3,psd 10-45
x009,Walking,896.48046875,928.48046875,15.0,15.923223328014847,0.9232233280148474,-0.9232233280148474,True,0.9224387953199109,diag,3,psd 10-45
x009,Walking,928.48046875,960.48046875,16.875,19.29943599916885,2.4244359991688498,-2.4244359991688498,True,0.9727926442067746,diag,3,psd 10-45
x009,Walking,960.48046875,992.48046875,15.0,16.43244731652892,1.4324473165289184,-1.4324473165289184,True,0.9677513115789704,diag,3,psd 10-45
x009,Walking,992.48046875,1024.48046875,18.75,16.631842561268293,2.118157438731707,2.118157438731707,True,0.9711197688063633,diag,3,psd 10-45
x009,Walking,1024.48046875,1056.48046875,15.0,16.961667418403522,1.9616674184035219,-1.9616674184035219,True,0.9698291256167185,diag,3,psd 10-45
x009,Walking,1056.48046875,1088.48046875,16.875,19.712579672979864,2.8375796729798637,-2.8375796729798637,True,0.9720143237620767,diag,3,psd 10-45
x009,Walking,1088.48046875,1120.48046875,13.125,23.307485755247278,10.182485755247278,-10.182485755247278,True,0.9736298266146397,diag,3,psd 10-45
x009,Walking,1120.48046875,1152.48046875,26.25,22.425451887033354,3.824548112966646,3.824548112966646,True,0.9467483240224933,diag,3,psd 10-45
x009,2-Back,1152.48046875,1184.48046875,18.75,14.087781619679289,4.662218380320711,4.662218380320711,True,0.9605668635196369,diag,3,psd 10-45
x009,2-Back,1184.48046875,1216.48046875,11.25,13.621809325598162,2.3718093255981625,-2.3718093255981625,True,0.9692190047365591,diag,3,psd 10-45
x009,2-Back,1216.48046875,1248.48046875,30.0,22.250987150098137,7.749012849901863,7.749012849901863,True,0.9804507338640086,diag,3,psd 10-45
x009,2-Back,1248.48046875,1280.48046875,22.5,25.46868292782659,2.9686829278265883,-2.9686829278265883,True,0.9739923563193821,diag,3,psd 10-45
x009,2-Back,1280.48046875,1312.48046875,26.25,27.117102173347043,0.8671021733470425,-0.8671021733470425,True,0.9745255217443994,diag,3,psd 10-45
x009,2-Back,1312.48046875,1344.48046875,30.0,28.54141325972015,1.4585867402798485,1.4585867402798485,True,0.9752997420237424,diag,3,psd 10-45
x009,2-Back,1344.48046875,1376.48046875,30.0,30.28134377586921,0.28134377586921033,-0.28134377586921033,True,0.9663631989730819,diag,3,psd 10-45
x009,2-Back,1376.48046875,1408.48046875,15.0,24.86190673984592,9.86190673984592,-9.86190673984592,True,0.9727290616371531,diag,3,psd 10-45
x009,2-Back,1408.48046875,1440.48046875,30.0,27.632160084901066,2.3678399150989335,2.3678399150989335,True,0.9695667719766536,diag,3,psd 10-45
x009,2-Back,1440.48046875,1472.48046875,18.75,22.14217621351608,3.3921762135160805,-3.3921762135160805,True,0.9659631366209394,diag,3,psd 10-45
x009,2-Back,1472.48046875,1504.48046875,18.75,19.7499535814663,0.9999535814663005,-0.9999535814663005,True,0.9458300224272872,diag,3,psd 10-45
x009,2-Back,1504.48046875,1536.48046875,16.875,22.170456992028953,5.295456992028953,-5.295456992028953,True,0.9539273362595827,diag,3,psd 10-45
x009,2-Back,1536.48046875,1568.48046875,13.125,19.483901478800604,6.358901478800604,-6.358901478800604,True,0.9018683079846318,diag,3,psd 10-45
x009,2-Back,1568.48046875,1600.48046875,13.125,19.058437126565504,5.933437126565504,-5.933437126565504,True,0.9726311062002198,diag,3,psd 10-45
x009,Running,1600.48046875,1632.48046875,24.375,19.857836825397882,4.517163174602118,4.517163174602118,True,0.9138823788620628,diag,3,psd 10-45
x009,Running,1632.48046875,1664.48046875,26.25,24.03135013885922,2.2186498611407792,2.2186498611407792,True,0.9200935661105041,diag,3,psd 10-45
x009,Running,1664.48046875,1696.48046875,30.0,28.10590524068375,1.8940947593162498,1.8940947593162498,True,0.9411266940114523,diag,3,psd 10-45
x009,Running,1696.48046875,1728.48046875,31.875,31.502131862432577,0.37286813756742276,0.37286813756742276,True,0.9367071309757686,diag,3,psd 10-45
x009,Running,1728.48046875,1760.48046875,30.0,29.060541711590076,0.9394582884099236,0.9394582884099236,True,0.940649190480841,diag,3,psd 10-45
x009,Running,1760.48046875,1792.48046875,30.0,30.27230895591888,0.2723089559188807,-0.2723089559188807,True,0.9451073252762174,diag,3,psd 10-45
x009,Running,1792.48046875,1824.48046875,26.25,27.846784259589967,1.5967842595899668,-1.5967842595899668,True,0.9604858824724091,diag,3,psd 10-45
x009,Running,1824.48046875,1856.48046875,28.125,27.62919639191346,0.4958036080865398,0.4958036080865398,True,0.9445851563398069,diag,3,psd 10-45
x009,Running,1856.48046875,1888.48046875,30.0,28.37410688654935,1.6258931134506511,1.6258931134506511,True,0.9270306854124866,diag,3,psd 10-45
x009,Running,1888.48046875,1914.8203125,31.890849770131986,29.888728491584853,2.0021212785471327,2.0021212785471327,True,0.9144679713447227,diag,3,psd 10-45
x010,Rest,128.26953125,160.26953125,11.25,11.841100927063582,0.5911009270635823,-0.5911009270635823,True,0.9859391732882479,diag,3,psd 10-45
x010,Rest,160.26953125,192.26953125,13.125,11.071594345797529,2.0534056542024715,2.0534056542024715,True,0.989231157309709,diag,3,psd 10-45
x010,Rest,192.26953125,224.26953125,13.125,10.999984673604635,2.1250153263953653,2.1250153263953653,True,0.9896771343391841,diag,3,psd 10-45
x010,Rest,224.26953125,256.26953125,13.125,11.891403486559119,1.2335965134408813,1.2335965134408813,True,0.9831359478086945,diag,3,psd 10-45
x010,Rest,256.26953125,288.26953125,16.875,14.306036383327257,2.568963616672743,2.568963616672743,True,0.9768804203430542,diag,3,psd 10-45
x010,Rest,288.26953125,320.26953125,13.125,14.881606948532532,1.7566069485325322,-1.7566069485325322,True,0.9891328825603376,diag,3,psd 10-45
x010,Rest,320.26953125,352.26953125,15.0,13.414461662216798,1.585538337783202,1.585538337783202,True,0.9912450534436308,diag,3,psd 10-45
x010,Rest,352.26953125,384.26953125,18.75,16.15796335064829,2.5920366493517086,2.5920366493517086,True,0.9897752199700587,diag,3,psd 10-45
x010,Rest,384.26953125,416.26953125,13.125,15.186698187327627,2.061698187327627,-2.061698187327627,True,0.9904448086318535,diag,3,psd 10-45
x010,Rest,416.26953125,448.26953125,18.75,13.610228593251252,5.139771406748748,5.139771406748748,True,0.9733075384848326,diag,3,psd 10-45
x010,Rest,448.26953125,480.26953125,16.875,14.880700568923807,1.9942994310761932,1.9942994310761932,True,0.9724091501384545,diag,3,psd 10-45
x010,Rest,480.26953125,512.26953125,28.125,13.041985107861517,15.083014892138483,15.083014892138483,True,0.9239010384915084,diag,3,psd 10-45
x010,Walking,512.26953125,544.26953125,28.125,24.35543263442889,3.7695673655711097,3.7695673655711097,True,0.903887587996945,diag,3,psd 10-45
x010,Walking,544.26953125,576.26953125,26.25,27.99086934269002,1.7408693426900186,-1.7408693426900186,True,0.9199301018819861,diag,3,psd 10-45
x010,Walking,576.26953125,608.26953125,28.125,25.554206321724415,2.570793678275585,2.570793678275585,True,0.9336265599476358,diag,3,psd 10-45
x010,Walking,608.26953125,640.26953125,30.0,26.680918655811293,3.3190813441887066,3.3190813441887066,True,0.934100884997214,diag,3,psd 10-45
x010,Walking,640.26953125,672.26953125,30.0,28.999982166440553,1.000017833559447,1.000017833559447,True,0.9433885769802233,diag,3,psd 10-45
x010,Walking,672.26953125,704.26953125,28.125,28.062428269292788,0.06257173070721223,0.06257173070721223,True,0.9358479960590183,diag,3,psd 10-45
x010,Walking,704.26953125,736.26953125,26.25,25.710458380919107,0.539541619080893,0.539541619080893,True,0.9222462751109063,diag,3,psd 10-45
x010,Walking,736.26953125,768.26953125,28.125,26.953989175773827,1.1710108242261725,1.1710108242261725,True,0.9671369133607297,diag,3,psd 10-45
x010,Walking,768.26953125,800.26953125,30.0,27.68009002114234,2.319909978857659,2.319909978857659,True,0.9164657235517444,diag,3,psd 10-45
x010,Walking,800.26953125,832.26953125,20.625,23.347729773630892,2.722729773630892,-2.722729773630892,True,0.8556595803728523,diag,3,psd 10-45
x010,Walking,832.26953125,864.26953125,24.375,23.08716685974934,1.2878331402506618,1.2878331402506618,True,0.9682170616602362,diag,3,psd 10-45
x010,Walking,864.26953125,896.26953125,11.25,23.02132176589136,11.771321765891361,-11.771321765891361,True,0.9134577159158144,diag,3,psd 10-45
x010,Walking,896.26953125,928.26953125,13.125,19.8602869713,6.735286971299999,-6.735286971299999,True,0.8075253047388218,diag,3,psd 10-45
x010,Walking,928.26953125,960.26953125,11.25,22.27213333668422,11.02213333668422,-11.02213333668422,True,0.792070945894996,hr,3,psd 10-45
x010,Walking,960.26953125,992.26953125,15.0,16.11599538970659,1.1159953897065904,-1.1159953897065904,True,0.9279818994128459,diag,3,psd 10-45
x010,Walking,992.26953125,1024.26953125,13.125,10.302597181857898,2.822402818142102,2.822402818142102,True,0.9708281537031471,diag,3,psd 10-45
x010,Walking,1024.26953125,1056.26953125,16.875,15.74517070741038,1.1298292925896192,1.1298292925896192,True,0.9764469233191528,diag,3,psd 10-45
x010,Walking,1056.26953125,1088.26953125,22.5,21.831482822964283,0.6685171770357172,0.6685171770357172,True,0.9473747736465769,diag,3,psd 10-45
x010,Walking,1088.26953125,1120.26953125,11.25,24.318200559750373,13.068200559750373,-13.068200559750373,True,0.946155114452126,diag,3,psd 10-45
x010,Walking,1120.26953125,1152.26953125,13.125,18.18495445643618,5.059954456436181,-5.059954456436181,True,0.9079095574544671,diag,3,psd 10-45
x010,Walking,1152.26953125,1184.26953125,11.25,18.5486167683397,7.2986167683396985,-7.2986167683396985,True,0.6706642340154807,hr,3,psd 10-45
x010,2-Back,1184.26953125,1216.26953125,15.0,15.491806374848068,0.49180637484806766,-0.49180637484806766,True,0.9375895499247742,diag,3,psd 10-45
x010,2-Back,1216.26953125,1248.26953125,16.875,17.337203908596727,0.46220390859672733,-0.46220390859672733,True,0.8799984575425845,diag,3,psd 10-45
x010,2-Back,1248.26953125,1280.26953125,30.0,23.22696754061814,6.773032459381859,6.773032459381859,True,0.9002345380325785,diag,3,psd 10-45
x010,2-Back,1280.26953125,1312.26953125,16.875,22.273033580552614,5.398033580552614,-5.398033580552614,True,0.9743875616964641,diag,3,psd 10-45
x010,2-Back,1312.26953125,1344.26953125,26.25,24.503443639963333,1.7465563600366671,1.7465563600366671,True,0.969133874222542,diag,3,psd 10-45
x010,2-Back,1344.26953125,1376.26953125,16.875,26.961377814164507,10.086377814164507,-10.086377814164507,True,0.9682823936463997,diag,3,psd 10-45
x010,2-Back,1376.26953125,1408.26953125,24.375,28.7409303546411,4.365930354641101,-4.365930354641101,True,0.9639527901845963,diag,3,psd 10-45
x010,2-Back,1408.26953125,1440.26953125,18.75,23.19235437090938,4.442354370909381,-4.442354370909381,True,0.9692656324140014,diag,3,psd 10-45
x010,2-Back,1440.26953125,1472.26953125,13.125,19.842070762941393,6.717070762941393,-6.717070762941393,True,0.9304241973301679,diag,3,psd 10-45
x010,2-Back,1472.26953125,1504.26953125,26.25,15.273859245442779,10.976140754557221,10.976140754557221,True,0.9286469499204735,diag,3,psd 10-45
x010,2-Back,1504.26953125,1536.26953125,24.375,16.6718677137983,7.703132286201701,7.703132286201701,True,0.9560061440310417,diag,3,psd 10-45
x010,2-Back,1536.26953125,1568.26953125,18.75,15.922744464258953,2.827255535741047,2.827255535741047,True,0.9837307822955341,diag,3,psd 10-45
x010,2-Back,1568.26953125,1600.26953125,15.0,19.734325955679672,4.734325955679672,-4.734325955679672,True,0.9468951244782353,diag,3,psd 10-45
x010,2-Back,1600.26953125,1632.26953125,11.25,16.4991582411233,5.2491582411233,-5.2491582411233,True,0.9793532450081877,diag,3,psd 10-45
x010,Running,1632.26953125,1664.26953125,30.0,26.815107447752133,3.1848925522478666,3.1848925522478666,True,0.9522348692894678,diag,3,psd 10-45
x010,Running,1664.26953125,1696.26953125,26.25,24.010769189826988,2.2392308101730123,2.2392308101730123,True,0.923552514186139,diag,3,psd 10-45
x010,Running,1696.26953125,1728.26953125,30.0,30.03130838191126,0.031308381911259175,-0.031308381911259175,True,0.9388978426496587,diag,3,psd 10-45
x010,Running,1728.26953125,1760.26953125,33.75,33.00990257053984,0.7400974294601568,0.7400974294601568,True,0.9321439704512354,diag,3,psd 10-45
x010,Running,1760.26953125,1792.26953125,33.75,33.437436329925504,0.31256367007449626,0.31256367007449626,True,0.9413056382423567,diag,3,psd 10-45
x010,Running,1792.26953125,1824.26953125,35.625,32.093748828053485,3.531251171946515,3.531251171946515,True,0.938065956927042,diag,3,psd 10-45
x010,Running,1824.26953125,1856.26953125,35.625,33.40450007816668,2.220499921833323,2.220499921833323,True,0.9531258902115404,diag,3,psd 10-45
x010,Running,1856.26953125,1888.26953125,31.875,30.547730158850783,1.3272698411492172,1.3272698411492172,True,0.942121620457749,diag,3,psd 10-45
x010,Running,1888.26953125,1920.26953125,31.875,32.25000848148416,0.37500848148415855,-0.37500848148415855,True,0.89178370687565,diag,3,psd 10-45
x010,Running,1920.26953125,1947.05859375,33.59580052493438,33.746740441238245,0.15093991630386228,-0.15093991630386228,True,0.90609953373458,diag,3,psd 10-45
x011,Rest,64.23828125,96.23828125,15.0,16.270013242768066,1.2700132427680657,-1.2700132427680657,True,0.980369855645045,diag,3,psd 10-45
x011,Rest,96.23828125,128.23828125,13.125,14.928953081308462,1.803953081308462,-1.803953081308462,True,0.9803883422087437,diag,3,psd 10-45
x011,Rest,128.23828125,160.23828125,15.0,15.35218915020495,0.3521891502049499,-0.3521891502049499,True,0.9790413378668468,diag,3,psd 10-45
x011,Rest,160.23828125,192.23828125,15.0,14.84363421444403,0.1563657855559697,0.1563657855559697,True,0.9787170995559126,diag,3,psd 10-45
x011,Rest,192.23828125,224.23828125,16.875,16.204431193695733,0.6705688063042672,0.6705688063042672,True,0.9842416657227654,diag,3,psd 10-45
x011,Rest,224.23828125,256.23828125,15.0,15.193247285044787,0.19324728504478728,-0.19324728504478728,True,0.9813376239257904,diag,3,psd 10-45
x011,Rest,256.23828125,288.23828125,16.875,15.17314083266892,1.7018591673310794,1.7018591673310794,True,0.9818820014238969,diag,3,psd 10-45
x011,Rest,288.23828125,320.23828125,15.0,15.647683314314898,0.6476833143148983,-0.6476833143148983,True,0.9842348791280954,diag,3,psd 10-45
x011,Rest,320.23828125,352.23828125,16.875,16.67321882027602,0.20178117972398013,0.20178117972398013,True,0.981696430773348,diag,3,psd 10-45
x011,Rest,352.23828125,384.23828125,20.625,20.398823794590406,0.22617620540959393,0.22617620540959393,True,0.9763253997196901,diag,3,psd 10-45
x011,Rest,384.23828125,416.23828125,22.5,21.563342574620144,0.9366574253798561,0.9366574253798561,True,0.9768232157007841,diag,3,psd 10-45
x011,Rest,416.23828125,448.23828125,11.25,18.725349225330554,7.475349225330554,-7.475349225330554,True,0.9494274861806958,diag,3,psd 10-45
x011,Rest,448.23828125,480.23828125,13.125,16.54054574724571,3.4155457472457087,-3.4155457472457087,True,0.9645012919804588,diag,3,psd 10-45
x011,Walking,480.23828125,512.23828125,22.5,23.915801563286806,1.4158015632868057,-1.4158015632868057,True,0.8841300844277489,diag,3,psd 10-45
x011,Walking,512.23828125,544.23828125,24.375,23.236539973823227,1.138460026176773,1.138460026176773,True,0.8776053644974442,diag,3,psd 10-45
x011,Walking,544.23828125,576.23828125,24.375,26.48655786321318,2.1115578632131786,-2.1115578632131786,True,0.9044279251254599,diag,3,psd 10-45
x011,Walking,576.23828125,608.23828125,24.375,26.919719488702903,2.5447194887029028,-2.5447194887029028,True,0.9260371792789618,diag,3,psd 10-45
x011,Walking,608.23828125,640.23828125,11.25,27.575996676701216,16.325996676701216,-16.325996676701216,True,0.9333444277086563,diag,3,psd 10-45
x011,Walking,640.23828125,672.23828125,28.125,25.637013943561264,2.4879860564387357,2.4879860564387357,True,0.9431327152420628,diag,3,psd 10-45
x011,Walking,672.23828125,704.23828125,26.25,26.491590287937363,0.24159028793736326,-0.24159028793736326,True,0.9310348675084247,diag,3,psd 10-45
x011,Walking,704.23828125,736.23828125,26.25,26.576805402300707,0.32680540230070676,-0.32680540230070676,True,0.9529386890367105,diag,3,psd 10-45
x011,Walking,736.23828125,768.23828125,16.875,24.54064956680406,7.66564956680406,-7.66564956680406,True,0.9531442953964983,diag,3,psd 10-45
x011,Walking,768.23828125,800.23828125,22.5,23.1214648151389,0.6214648151389,-0.6214648151389,True,0.9699385410824226,diag,3,psd 10-45
x011,Walking,800.23828125,832.23828125,22.5,23.298209193832115,0.7982091938321147,-0.7982091938321147,True,0.9769465357758571,diag,3,psd 10-45
x011,Walking,832.23828125,864.23828125,11.25,20.77591194313257,9.52591194313257,-9.52591194313257,True,0.946374862320232,diag,3,psd 10-45
x011,Walking,864.23828125,896.23828125,15.0,14.682525356291677,0.3174746437083229,0.3174746437083229,True,0.9608051865921773,diag,3,psd 10-45
x011,Walking,896.23828125,928.23828125,20.625,19.820156085188128,0.8048439148118725,0.8048439148118725,True,0.9688211276858136,diag,3,psd 10-45
x011,Walking,928.23828125,960.23828125,16.875,17.184797517438465,0.30979751743846506,-0.30979751743846506,True,0.9751192347117007,diag,3,psd 10-45
x011,Walking,960.23828125,992.23828125,31.875,20.21337120956536,11.66162879043464,11.66162879043464,True,0.975006754903415,diag,3,psd 10-45
x011,Walking,992.23828125,1024.23828125,11.25,25.655879463868466,14.405879463868466,-14.405879463868466,True,0.9797480134608249,diag,3,psd 10-45
x011,Walking,1024.23828125,1056.23828125,13.125,19.568295529026443,6.443295529026443,-6.443295529026443,True,0.9689534030291517,diag,3,psd 10-45
x011,Walking,1056.23828125,1088.23828125,22.5,18.215599217224074,4.284400782775926,4.284400782775926,True,0.9735452361129066,diag,3,psd 10-45
x011,Walking,1088.23828125,1120.23828125,11.25,21.721056434863485,10.471056434863485,-10.471056434863485,True,0.9686168628152162,diag,3,psd 10-45
x011,2-Back,1120.23828125,1152.23828125,11.25,14.166348206715693,2.9163482067156927,-2.9163482067156927,True,0.9795015867139922,diag,3,psd 10-45
x011,2-Back,1152.23828125,1184.23828125,18.75,18.815158694163053,0.06515869416305264,-0.06515869416305264,True,0.9808450744580892,diag,3,psd 10-45
x011,2-Back,1184.23828125,1216.23828125,33.75,24.385348166421725,9.364651833578275,9.364651833578275,True,0.9832625606081873,diag,3,psd 10-45
x011,2-Back,1216.23828125,1248.23828125,30.0,29.971452340996183,0.028547659003816506,0.028547659003816506,True,0.9861460768134589,diag,3,psd 10-45
x011,2-Back,1248.23828125,1280.23828125,31.875,30.490745716500697,1.3842542834993026,1.3842542834993026,True,0.9831934537857795,diag,3,psd 10-45
x011,2-Back,1280.23828125,1312.23828125,28.125,27.648596902585872,0.4764030974141278,0.4764030974141278,True,0.9811184877974989,diag,3,psd 10-45
x011,2-Back,1312.23828125,1344.23828125,30.0,24.962956855232115,5.037043144767885,5.037043144767885,True,0.9784149847267236,diag,3,psd 10-45
x011,2-Back,1344.23828125,1376.23828125,30.0,29.357996287590215,0.6420037124097853,0.6420037124097853,True,0.9828063599162014,diag,3,psd 10-45
x011,2-Back,1376.23828125,1408.23828125,30.0,29.829457077802648,0.17054292219735245,0.17054292219735245,True,0.982714931429735,diag,3,psd 10-45
x011,2-Back,1408.23828125,1440.23828125,28.125,28.525101086601993,0.4001010866019925,-0.4001010866019925,True,0.977399810783436,diag,3,psd 10-45
x011,2-Back,1440.23828125,1472.23828125,20.625,16.41098472769145,4.214015272308551,4.214015272308551,True,0.9700795834538369,diag,3,psd 10-45
x011,2-Back,1472.23828125,1504.23828125,11.25,18.06168303380688,6.8116830338068795,-6.8116830338068795,True,0.964959400205897,diag,3,psd 10-45
x011,2-Back,1504.23828125,1536.23828125,13.125,15.428994910144448,2.303994910144448,-2.303994910144448,True,0.9560225691482738,diag,3,psd 10-45
x011,2-Back,1536.23828125,1568.23828125,15.0,16.722247222994454,1.7222472229944543,-1.7222472229944543,True,0.9557064324734131,diag,3,psd 10-45
x011,Running,1568.23828125,1600.23828125,26.25,26.030018731629287,0.21998126837071297,0.21998126837071297,True,0.9198205884256029,diag,3,psd 10-45
x011,Running,1600.23828125,1632.23828125,20.625,27.724536394335857,7.099536394335857,-7.099536394335857,True,0.9134057176814615,diag,3,psd 10-45
x011,Running,1632.23828125,1664.23828125,22.5,25.53705967811079,3.03705967811079,-3.03705967811079,True,0.8942480010465181,diag,3,psd 10-45
x011,Running,1664.23828125,1696.23828125,30.0,25.5111765770559,4.488823422944101,4.488823422944101,True,0.9084207454320633,diag,3,psd 10-45
x011,Running,1696.23828125,1728.23828125,26.25,26.037047823875298,0.21295217612470196,0.21295217612470196,True,0.9132840244120219,diag,3,psd 10-45
x011,Running,1728.23828125,1760.23828125,30.0,26.75852453646437,3.241475463535629,3.241475463535629,True,0.9182847487082189,diag,3,psd 10-45
x011,Running,1760.23828125,1792.23828125,28.125,26.062541582959316,2.062458417040684,2.062458417040684,True,0.9038773516893674,diag,3,psd 10-45
x011,Running,1792.23828125,1824.23828125,28.125,27.92903119557929,0.1959688044207084,0.1959688044207084,True,0.9016740755535929,diag,3,psd 10-45
x011,Running,1824.23828125,1856.23828125,26.25,26.83794571627418,0.5879457162741808,-0.5879457162741808,True,0.9121143492761906,diag,3,psd 10-45
x012,Rest,64.4765625,96.4765625,18.75,5.165394684407861,13.584605315592139,13.584605315592139,True,0.9835222658759805,diag,3,psd 10-45
x012,Rest,96.4765625,128.4765625,11.25,11.503227469143084,0.25322746914308425,-0.25322746914308425,True,0.9815014526917891,diag,3,psd 10-45
x012,Rest,128.4765625,160.4765625,15.0,16.833611126383374,1.8336111263833743,-1.8336111263833743,True,0.9792311961498534,diag,3,psd 10-45
x012,Rest,160.4765625,192.4765625,16.875,15.190917723701123,1.6840822762988772,1.6840822762988772,True,0.9760655155006214,diag,3,psd 10-45
x012,Rest,192.4765625,224.4765625,15.0,15.746753986397863,0.746753986397863,-0.746753986397863,True,0.9845885760546981,diag,3,psd 10-45
x012,Rest,224.4765625,256.4765625,16.875,14.912930178762826,1.9620698212371739,1.9620698212371739,True,0.9861175365816122,diag,3,psd 10-45
x012,Rest,256.4765625,288.4765625,15.0,16.121682228238342,1.1216822282383418,-1.1216822282383418,True,0.9809430819524195,diag,3,psd 10-45
x012,Rest,288.4765625,320.4765625,15.0,16.81576157028422,1.81576157028422,-1.81576157028422,True,0.9820746746603638,diag,3,psd 10-45
x012,Rest,320.4765625,352.4765625,16.875,16.343769091556993,0.5312309084430069,0.5312309084430069,True,0.976876230793693,diag,3,psd 10-45
x012,Rest,352.4765625,384.4765625,11.25,19.354656317354067,8.104656317354067,-8.104656317354067,True,0.9692122423495523,diag,3,psd 10-45
x012,Rest,384.4765625,416.4765625,11.25,12.899659496897083,1.6496594968970832,-1.6496594968970832,True,0.9703508974978351,diag,3,psd 10-45
x012,Walking,416.4765625,448.4765625,35.625,7.809166613562157,27.815833386437845,27.815833386437845,True,0.9373450767830847,diag,3,psd 10-45
x012,Walking,448.4765625,480.4765625,15.0,15.453207749901418,0.4532077499014182,-0.4532077499014182,True,0.9449393819320201,diag,3,psd 10-45
x012,Walking,480.4765625,512.4765625,11.25,16.851525342456963,5.601525342456963,-5.601525342456963,True,0.9367480498082118,diag,3,psd 10-45
x012,Walking,512.4765625,544.4765625,18.75,15.916315505191466,2.8336844948085336,2.8336844948085336,True,0.9247301265379356,diag,3,psd 10-45
x012,Walking,544.4765625,576.4765625,26.25,17.787928121138755,8.462071878861245,8.462071878861245,True,0.9292515660475911,diag,3,psd 10-45
x012,Walking,576.4765625,608.4765625,18.75,18.367295698857344,0.3827043011426561,0.3827043011426561,True,0.916745949588914,diag,3,psd 10-45
x012,Walking,608.4765625,640.4765625,13.125,17.094653814680953,3.969653814680953,-3.969653814680953,True,0.9057439297244407,diag,3,psd 10-45
x012,Walking,640.4765625,672.4765625,11.25,17.399418259639987,6.149418259639987,-6.149418259639987,True,0.8992884939713586,diag,3,psd 10-45
x012,Walking,672.4765625,704.4765625,11.25,16.125048652303892,4.875048652303892,-4.875048652303892,True,0.9254350614774767,diag,3,psd 10-45
x012,Walking,704.4765625,736.4765625,28.125,18.360538866575332,9.764461133424668,9.764461133424668,True,0.8576523570563983,diag,3,psd 10-45
x012,Walking,736.4765625,768.4765625,18.75,19.686571577407353,0.9365715774073529,-0.9365715774073529,True,0.8765820204467826,diag,3,psd 10-45
x012,Walking,768.4765625,800.4765625,16.875,15.995280891257257,0.8797191087427425,0.8797191087427425,True,0.9523781398177027,diag,3,psd 10-45
x012,Walking,800.4765625,832.4765625,18.75,10.176364550168195,8.573635449831805,8.573635449831805,True,0.9781118137580759,diag,3,psd 10-45
x012,Walking,832.4765625,864.4765625,11.25,18.116274604357727,6.866274604357727,-6.866274604357727,True,0.862271199045658,diag,3,psd 10-45
x012,Walking,864.4765625,896.4765625,16.875,18.56449760112303,1.6894976011230298,-1.6894976011230298,True,0.8803590474469741,diag,3,psd 10-45
x012,Walking,896.4765625,928.4765625,13.125,15.987970694916719,2.8629706949167186,-2.8629706949167186,True,0.9052378958544066,diag,3,psd 10-45
x012,Walking,928.4765625,960.4765625,26.25,24.02106274062767,2.22893725937233,2.22893725937233,True,0.9793878476968487,diag,3,psd 10-45
x012,Walking,960.4765625,992.4765625,20.625,20.886125002767816,0.26112500276781603,-0.26112500276781603,True,0.9300620233079777,diag,3,psd 10-45
x012,Walking,992.4765625,1024.4765625,15.0,17.267801666275197,2.267801666275197,-2.267801666275197,True,0.8555827437727443,diag,3,psd 10-45
x012,2-Back,1024.4765625,1056.4765625,15.0,15.81161523322921,0.8116152332292099,-0.8116152332292099,True,0.983306492099754,diag,3,psd 10-45
x012,2-Back,1056.4765625,1088.4765625,28.125,15.770137777284235,12.354862222715765,12.354862222715765,True,0.9822788165223855,diag,3,psd 10-45
x012,2-Back,1088.4765625,1120.4765625,28.125,25.07686424048,3.048135759520001,3.048135759520001,True,0.9849903705271046,diag,3,psd 10-45
x012,2-Back,1120.4765625,1152.4765625,22.5,21.71977546549229,0.7802245345077097,0.7802245345077097,True,0.9335179871198126,diag,3,psd 10-45
x012,2-Back,1152.4765625,1184.4765625,15.0,18.422954540288586,3.422954540288586,-3.422954540288586,True,0.9794037436265203,diag,3,psd 10-45
x012,2-Back,1184.4765625,1216.4765625,30.0,21.17444782610851,8.825552173891491,8.825552173891491,True,0.9736385005651769,diag,3,psd 10-45
x012,2-Back,1216.4765625,1248.4765625,30.0,27.65813865810879,2.34186134189121,2.34186134189121,True,0.9820745700445278,diag,3,psd 10-45
x012,2-Back,1248.4765625,1280.4765625,13.125,25.199563537337777,12.074563537337777,-12.074563537337777,True,0.8816547996223062,diag,3,psd 10-45
x012,2-Back,1280.4765625,1312.4765625,11.25,25.661956629752552,14.411956629752552,-14.411956629752552,True,0.782178669898827,hr,3,psd 10-45
x012,2-Back,1312.4765625,1344.4765625,16.875,23.02787759268827,6.15287759268827,-6.15287759268827,True,0.8913493977030154,diag,3,psd 10-45
x012,2-Back,1344.4765625,1376.4765625,16.875,17.32029346539997,0.4452934653999705,-0.4452934653999705,True,0.8234950136979726,diag,3,psd 10-45
x012,2-Back,1376.4765625,1408.4765625,15.0,16.035597600727254,1.0355976007272538,-1.0355976007272538,True,0.9129117536846055,diag,3,psd 10-45
x012,2-Back,1408.4765625,1440.4765625,13.125,18.360636423729733,5.2356364237297335,-5.2356364237297335,True,0.8718028419917613,diag,3,psd 10-45
x012,Running,1440.4765625,1472.4765625,28.125,14.302785587601196,13.822214412398804,13.822214412398804,True,0.8056393678134027,diag,3,psd 10-45
x012,Running,1472.4765625,1504.4765625,22.5,24.54899965584447,2.0489996558444687,-2.0489996558444687,True,0.7628472109226928,hr,3,psd 10-45
x012,Running,1504.4765625,1536.4765625,24.375,26.950961700891582,2.5759617008915825,-2.5759617008915825,True,0.7683962688069075,hr,3,psd 10-45
x012,Running,1536.4765625,1568.4765625,28.125,28.494194126164558,0.36919412616455816,-0.36919412616455816,True,0.7768922980264141,hr,3,psd 10-45
x012,Running,1568.4765625,1600.4765625,26.25,26.718743802581834,0.4687438025818338,-0.4687438025818338,True,0.8181155155616867,diag,3,psd 10-45
x012,Running,1600.4765625,1632.4765625,26.25,25.15425202040275,1.095747979597249,1.095747979597249,True,0.8249018979762899,diag,3,psd 10-45
x012,Running,1632.4765625,1664.4765625,30.0,27.571104495902194,2.428895504097806,2.428895504097806,True,0.8286619252570017,diag,3,psd 10-45
x012,Running,1664.4765625,1696.4765625,30.0,27.409638708409993,2.590361291590007,2.590361291590007,True,0.8194644538947972,diag,3,psd 10-45
x012,Running,1696.4765625,1728.4765625,33.75,31.965395223761718,1.7846047762382824,1.7846047762382824,True,0.7830027241408966,hr,3,psd 10-45
x012,Running,1728.4765625,1750.5,24.519333096842853,26.373135857581364,1.8538027607385104,-1.8538027607385104,True,0.9182973498746526,diag,3,psd 10-45
x013,Rest,96.515625,128.515625,15.0,7.251053166119519,7.748946833880481,7.748946833880481,True,0.9725748411318862,diag,3,psd 10-45
x013,Rest,128.515625,160.515625,15.0,7.093913018090443,7.906086981909557,7.906086981909557,True,0.9770601579811709,diag,3,psd 10-45
x013,Rest,160.515625,192.515625,16.875,7.531352934774912,9.343647065225088,9.343647065225088,True,0.9814955562874069,diag,3,psd 10-45
x013,Rest,192.515625,224.515625,11.25,7.374212786745835,3.8757872132541653,3.8757872132541653,True,0.9816826661216805,diag,3,psd 10-45
x013,Rest,224.515625,256.515625,15.0,7.906301434790171,7.093698565209829,7.093698565209829,True,0.9792238549853621,diag,3,psd 10-45
x013,Rest,256.515625,288.515625,13.125,7.407281707792544,5.717718292207456,5.717718292207456,True,0.9795604177097536,diag,3,psd 10-45
x013,Rest,288.515625,320.515625,15.0,7.000183111056856,7.999816888943144,7.999816888943144,True,0.981362952313975,diag,3,psd 10-45
x013,Rest,320.515625,352.515625,15.0,7.000183111056856,7.999816888943144,7.999816888943144,True,0.9687192892191953,diag,3,psd 10-45
x013,Rest,352.515625,384.515625,15.0,7.187642925124029,7.812357074875971,7.812357074875971,True,0.9711344619338552,diag,3,psd 10-45
x013,Rest,384.515625,416.515625,11.25,7.436696985444817,3.813303014555183,3.813303014555183,True,0.9628933979272181,diag,3,psd 10-45
x013,Rest,416.515625,448.515625,15.0,7.500107226440306,7.499892773559694,7.499892773559694,True,0.9744957489067976,diag,3,psd 10-45
x013,Rest,448.515625,480.515625,26.25,8.560737611958821,17.68926238804118,17.68926238804118,True,0.9748553407536684,diag,3,psd 10-45
x013,Rest,480.515625,512.515625,18.75,12.432979889106942,6.317020110893058,6.317020110893058,True,0.9763948562880685,diag,3,psd 10-45
x013,Walking,512.515625,544.515625,16.875,16.40525815775554,0.4697418422444599,0.4697418422444599,True,0.937906380649145,diag,3,psd 10-45
x013,Walking,544.515625,576.515625,20.625,14.004565031814355,6.620434968185645,6.620434968185645,True,0.9110751842556659,diag,3,psd 10-45
x013,Walking,576.515625,608.515625,16.875,12.122257866101112,4.752742133898888,4.752742133898888,True,0.827335398674898,diag,3,psd 10-45
x013,Walking,608.515625,640.515625,43.125,14.2481438193253,28.8768561806747,28.8768561806747,True,0.8188051487506945,diag,3,psd 10-45
x013,Walking,640.515625,672.515625,31.875,16.902522427826106,14.972477572173894,14.972477572173894,True,0.7683384231211244,hr,3,psd 10-45
x013,Walking,672.515625,704.515625,18.75,18.09923059827485,0.6507694017251495,0.6507694017251495,True,0.8241288671987385,diag,3,psd 10-45
x013,Walking,704.515625,736.515625,22.5,16.397096635832042,6.1029033641679575,6.1029033641679575,True,0.6639192089501437,hr,3,psd 10-45
x013,Walking,736.515625,768.515625,11.25,21.941172954026012,10.691172954026012,-10.691172954026012,True,0.7065272482327222,hr,3,psd 10-45
x013,Walking,768.515625,800.515625,16.875,22.998201292995333,6.123201292995333,-6.123201292995333,True,0.6878208072381008,hr,3,psd 10-45
x013,Walking,800.515625,832.515625,15.0,18.879532762365002,3.8795327623650024,-3.8795327623650024,True,0.7467607932079462,hr,3,psd 10-45
x013,Walking,832.515625,864.515625,22.5,22.36955580823563,0.1304441917643686,0.1304441917643686,True,0.9785101161027319,diag,3,psd 10-45
x013,Walking,864.515625,896.515625,20.625,20.69119960929155,0.06619960929155155,-0.06619960929155155,True,0.9788973575802836,diag,3,psd 10-45
x013,Walking,896.515625,928.515625,20.625,20.064298638084693,0.5607013619153065,0.5607013619153065,True,0.9543790550719258,diag,3,psd 10-45
x013,Walking,928.515625,960.515625,11.25,22.55974881150672,11.309748811506719,-11.309748811506719,True,0.9242255943189365,diag,3,psd 10-45
x013,Walking,960.515625,992.515625,28.125,19.063384941777006,9.061615058222994,9.061615058222994,True,0.973818918784724,diag,3,psd 10-45
x013,Walking,992.515625,1024.515625,11.25,14.226095295223066,2.9760952952230664,-2.9760952952230664,True,0.9488402088625819,diag,3,psd 10-45
x013,Walking,1024.515625,1056.515625,13.125,13.18471248881783,0.05971248881782998,-0.05971248881782998,True,0.9490770130008193,diag,3,psd 10-45
x013,Walking,1056.515625,1088.515625,11.25,13.716954856344252,2.466954856344252,-2.466954856344252,True,0.931035973633086,diag,3,psd 10-45
x013,Walking,1088.515625,1120.515625,33.75,26.109624430698663,7.640375569301337,7.640375569301337,True,0.9726154518333829,diag,3,psd 10-45
x013,Walking,1120.515625,1152.515625,15.0,20.859135372701935,5.859135372701935,-5.859135372701935,True,0.9443706707397878,diag,3,psd 10-45
x013,Walking,1152.515625,1184.515625,28.125,14.938384993932658,13.186615006067342,13.186615006067342,True,0.9599835172964972,diag,3,psd 10-45
x013,Walking,1184.515625,1216.515625,11.25,14.84556469085048,3.5955646908504804,-3.5955646908504804,True,0.9576602796586727,diag,3,psd 10-45
x013,Walking,1216.515625,1248.515625,13.125,11.937508981949016,1.1874910180509843,1.1874910180509843,True,0.9531475904414387,diag,3,psd 10-45
x013,Walking,1248.515625,1280.515625,26.25,15.558827278811737,10.691172721188263,10.691172721188263,True,0.9139886115020129,diag,3,psd 10-45
x013,Walking,1280.515625,1312.515625,16.875,16.000008572154577,0.8749914278454227,0.8749914278454227,True,0.9802157745150202,diag,3,psd 10-45
x013,Walking,1312.515625,1344.515625,20.625,16.281301393810725,4.343698606189275,4.343698606189275,True,0.9748762400446622,diag,3,psd 10-45
x013,Walking,1344.515625,1376.515625,11.25,17.781181962946953,6.5311819629469525,-6.5311819629469525,True,0.9804192382925905,diag,3,psd 10-45
x013,Walking,1376.515625,1408.515625,16.875,15.909043613393905,0.965956386606095,0.965956386606095,True,0.9565802560274752,diag,3,psd 10-45
x013,Walking,1408.515625,1440.515625,18.75,14.275938173702059,4.474061826297941,4.474061826297941,True,0.9347105815922419,diag,3,psd 10-45
x013,2-Back,1440.515625,1472.515625,15.0,13.881250853490055,1.1187491465099448,1.1187491465099448,True,0.9675292363488833,diag,3,psd 10-45
x013,2-Back,1472.515625,1504.515625,30.0,21.765715041151704,8.234284958848296,8.234284958848296,True,0.9776974440835394,diag,3,psd 10-45
x013,2-Back,1504.515625,1536.515625,30.0,23.16337504188844,6.83662495811156,6.83662495811156,True,0.9781087405652525,diag,3,psd 10-45
x013,2-Back,1536.515625,1568.515625,11.25,24.996563314820364,13.746563314820364,-13.746563314820364,True,0.9792901903321306,diag,3,psd 10-45
x013,2-Back,1568.515625,1600.515625,11.25,20.100193045219132,8.850193045219132,-8.850193045219132,True,0.9821944566634089,diag,3,psd 10-45
x013,2-Back,1600.515625,1632.515625,15.0,21.154049808070162,6.154049808070162,-6.154049808070162,True,0.9759414658800027,diag,3,psd 10-45
x013,2-Back,1632.515625,1664.515625,11.25,20.75680569653312,9.506805696533121,-9.506805696533121,True,0.9748786607135802,diag,3,psd 10-45
x013,2-Back,1664.515625,1696.515625,30.0,20.2121071147974,9.787892885202599,9.787892885202599,True,0.977153812070909,diag,3,psd 10-45
x013,2-Back,1696.515625,1728.515625,30.0,20.37789741805065,9.622102581949349,9.622102581949349,True,0.9788489923632817,diag,3,psd 10-45
x013,2-Back,1728.515625,1760.515625,16.875,18.158047602422386,1.2830476024223856,-1.2830476024223856,True,0.9719884205584709,diag,3,psd 10-45
x013,2-Back,1760.515625,1792.515625,20.625,16.68817693198259,3.9368230680174108,3.9368230680174108,True,0.8737173143789679,diag,3,psd 10-45
x013,2-Back,1792.515625,1824.515625,11.25,17.373360824107642,6.1233608241076425,-6.1233608241076425,True,0.954017341786864,diag,3,psd 10-45
x013,2-Back,1824.515625,1856.515625,13.125,18.529381808622837,5.404381808622837,-5.404381808622837,True,0.9021248759928436,diag,3,psd 10-45
x013,Running,1856.515625,1888.515625,20.625,21.684756890045264,1.0597568900452643,-1.0597568900452643,True,0.6990750640712285,hr,3,psd 10-45
x013,Running,1888.515625,1920.515625,26.25,24.529388946496884,1.7206110535031165,1.7206110535031165,True,0.7490669012986748,hr,3,psd 10-45
x013,Running,1920.515625,1952.515625,15.0,22.502640557033732,7.5026405570337324,-7.5026405570337324,True,0.7138946972014957,hr,3,psd 10-45
x013,Running,1952.515625,1984.515625,26.25,24.434156816872374,1.815843183127626,1.815843183127626,True,0.7661518849867053,hr,3,psd 10-45
x013,Running,1984.515625,2016.515625,20.625,21.00608574917338,0.3810857491733799,-0.3810857491733799,True,0.8236581379590908,diag,3,psd 10-45
x013,Running,2016.515625,2048.515625,26.25,26.9947037216756,0.7447037216755987,-0.7447037216755987,True,0.8317345772433895,diag,3,psd 10-45
x013,Running,2048.515625,2080.515625,30.0,25.936556271348053,4.063443728651947,4.063443728651947,True,0.7980377968393706,hr,3,psd 10-45
x013,Running,2080.515625,2112.515625,24.375,25.217815243983566,0.8428152439835657,-0.8428152439835657,True,0.7923837867090912,hr,3,psd 10-45
x013,Running,2112.515625,2143.86328125,26.79626168224299,23.74524408009844,3.0510176021445474,3.0510176021445474,True,0.8082900986890597,diag,3,psd 10-45
x001,Rest,32.2578125,64.2578125,26.25,21.16450810050379,5.085491899496208,5.085491899496208,True,0.9837616102872011,diag,3,gold psd 10-45
x001,Rest,64.2578125,96.2578125,16.875,17.758306335472653,0.8833063354726534,-0.8833063354726534,True,0.9862790245439589,diag,3,gold psd 10-45
x001,Rest,96.2578125,128.2578125,13.125,16.49999989928892,3.3749998992889196,-3.3749998992889196,True,0.983187413915452,diag,3,gold psd 10-45
x001,Rest,128.2578125,160.2578125,45.0,15.897972081378299,29.1020279186217,29.1020279186217,True,0.9824543229683295,diag,3,gold psd 10-45
x001,Rest,160.2578125,192.2578125,15.0,17.045007485057326,2.045007485057326,-2.045007485057326,True,0.9810490271638541,diag,3,gold psd 10-45
x001,Rest,192.2578125,224.2578125,16.875,15.455057321146164,1.419942678853836,1.419942678853836,True,0.9805465913975335,diag,3,gold psd 10-45
x001,Rest,224.2578125,256.2578125,15.0,15.948367699602208,0.9483676996022083,-0.9483676996022083,True,0.9821908135568802,diag,3,gold psd 10-45
x001,Rest,256.2578125,288.2578125,31.875,15.869474361588892,16.005525638411108,16.005525638411108,True,0.9728565424231777,diag,3,gold psd 10-45
x001,Rest,288.2578125,320.2578125,24.375,17.190280801116554,7.184719198883446,7.184719198883446,True,0.9794971990908243,diag,3,gold psd 10-45
x001,Rest,320.2578125,352.2578125,15.0,16.403493801302226,1.4034938013022256,-1.4034938013022256,True,0.9769393587040044,diag,3,gold psd 10-45
x001,Rest,352.2578125,384.2578125,18.75,20.074573084758708,1.3245730847587076,-1.3245730847587076,True,0.9758897212700809,diag,3,gold psd 10-45
x001,Rest,384.2578125,416.2578125,11.25,19.579010230204297,8.329010230204297,-8.329010230204297,True,0.9732107404956324,diag,3,gold psd 10-45
x001,Rest,416.2578125,448.2578125,37.5,19.556995745252678,17.943004254747322,17.943004254747322,True,0.9690838736782234,diag,3,gold psd 10-45
x001,Rest,448.2578125,480.2578125,24.375,20.46322331651473,3.9117766834852716,3.9117766834852716,True,0.9783541468921906,diag,3,gold psd 10-45
x001,Rest,480.2578125,512.2578125,26.25,21.960576616463936,4.2894233835360644,4.2894233835360644,True,0.9794297897153253,diag,3,gold psd 10-45
x001,Rest,512.2578125,544.2578125,22.5,24.82877082232802,2.3287708223280212,-2.3287708223280212,True,0.9800109692634603,diag,3,gold psd 10-45
x001,Rest,544.2578125,576.2578125,20.625,20.281461043282302,0.34353895671769763,0.34353895671769763,True,0.9769631281009548,diag,3,gold psd 10-45
x001,Rest,576.2578125,608.2578125,13.125,21.372174463559073,8.247174463559073,-8.247174463559073,True,0.9739508804068251,diag,3,gold psd 10-45
x001,Rest,608.2578125,640.2578125,15.0,24.043237260755895,9.043237260755895,-9.043237260755895,True,0.968979699152717,diag,3,gold psd 10-45
x001,Rest,640.2578125,672.2578125,22.5,25.656246106821722,3.1562461068217225,-3.1562461068217225,True,0.9803019838550568,diag,3,gold psd 10-45
x001,Rest,672.2578125,704.2578125,24.375,22.97963166047906,1.3953683395209389,1.3953683395209389,True,0.9814033315425732,diag,3,gold psd 10-45
x001,Rest,704.2578125,736.2578125,30.0,26.70242831313417,3.2975716868658296,3.2975716868658296,True,0.9844540529121205,diag,3,gold psd 10-45
x001,Walking,736.2578125,768.2578125,16.875,28.468703146923538,11.593703146923538,-11.593703146923538,True,0.967781716054117,diag,3,gold psd 10-45
x001,Walking,768.2578125,800.2578125,20.625,30.168316801724835,9.543316801724835,-9.543316801724835,True,0.9689517514293498,diag,3,gold psd 10-45
x001,Walking,800.2578125,832.2578125,18.75,30.26921626488327,11.51921626488327,-11.51921626488327,True,0.9677113613188351,diag,3,gold psd 10-45
x001,Walking,832.2578125,864.2578125,18.75,27.295032703085695,8.545032703085695,-8.545032703085695,True,0.9654417538225872,diag,3,gold psd 10-45
x001,Walking,864.2578125,896.2578125,24.375,28.577439928675503,4.202439928675503,-4.202439928675503,True,0.9702545828545935,diag,3,gold psd 10-45
x001,Walking,896.2578125,928.2578125,13.125,28.44010941229771,15.315109412297709,-15.315109412297709,True,0.9716285316843084,diag,3,gold psd 10-45
x001,Walking,928.2578125,960.2578125,33.75,29.630582944261775,4.119417055738225,4.119417055738225,True,0.9735386938341264,diag,3,gold psd 10-45
x001,Walking,960.2578125,992.2578125,18.75,28.059783785699384,9.309783785699384,-9.309783785699384,True,0.9695064705948478,diag,3,gold psd 10-45
x001,Walking,992.2578125,1024.2578125,20.625,26.999980749955526,6.374980749955526,-6.374980749955526,True,0.9709747583155627,diag,3,gold psd 10-45
x001,Walking,1024.2578125,1056.2578125,15.0,26.229694614870667,11.229694614870667,-11.229694614870667,True,0.9760799122147429,diag,3,gold psd 10-45
x001,Walking,1056.2578125,1088.2578125,41.25,25.900721927278802,15.349278072721198,15.349278072721198,True,0.9848684617039091,diag,3,gold psd 10-45
x001,Walking,1088.2578125,1120.2578125,18.75,24.32344178774803,5.573441787748031,-5.573441787748031,True,0.9870465276065175,diag,3,gold psd 10-45
x001,Walking,1120.2578125,1152.2578125,31.875,22.161737246966872,9.713262753033128,9.713262753033128,True,0.9814945104435026,diag,3,gold psd 10-45
x001,Walking,1152.2578125,1184.2578125,22.5,23.148096350131404,0.6480963501314037,-0.6480963501314037,True,0.98657701854136,diag,3,gold psd 10-45
x001,Walking,1184.2578125,1216.2578125,15.0,19.18449350423706,4.184493504237061,-4.184493504237061,True,0.9845892208423629,diag,3,gold psd 10-45
x001,Walking,1216.2578125,1248.2578125,22.5,25.767703554815483,3.2677035548154834,-3.2677035548154834,True,0.9696287771178315,diag,3,gold psd 10-45
x001,Walking,1248.2578125,1280.2578125,11.25,24.803157563616587,13.553157563616587,-13.553157563616587,True,0.9837544074924439,diag,3,gold psd 10-45
x001,Walking,1280.2578125,1312.2578125,33.75,22.432121501067837,11.317878498932163,11.317878498932163,True,0.9860785079511105,diag,3,gold psd 10-45
x001,Walking,1312.2578125,1344.2578125,18.75,20.698450363401456,1.9484503634014558,-1.9484503634014558,True,0.9850415139570435,diag,3,gold psd 10-45
x001,Walking,1344.2578125,1376.2578125,20.625,17.781290885813796,2.843709114186204,2.843709114186204,True,0.9814848053842328,diag,3,gold psd 10-45
x001,Walking,1376.2578125,1408.2578125,16.875,17.010918448020654,0.13591844802065367,-0.13591844802065367,True,0.980020838440526,diag,3,gold psd 10-45
x001,2-Back,1408.2578125,1440.2578125,28.125,20.28524049540907,7.83975950459093,7.83975950459093,True,0.9730240604777783,diag,3,gold psd 10-45
x001,2-Back,1440.2578125,1472.2578125,13.125,21.914388726532138,8.789388726532138,-8.789388726532138,True,0.9830050856824328,diag,3,gold psd 10-45
x001,2-Back,1472.2578125,1504.2578125,37.5,23.559766702385634,13.940233297614366,13.940233297614366,True,0.9850960003176181,diag,3,gold psd 10-45
x001,2-Back,1504.2578125,1536.2578125,33.75,20.511034197311346,13.238965802688654,13.238965802688654,True,0.9847256093515294,diag,3,gold psd 10-45
x001,2-Back,1536.2578125,1568.2578125,30.0,20.77848075803707,9.22151924196293,9.22151924196293,True,0.9891563848401154,diag,3,gold psd 10-45
x001,2-Back,1568.2578125,1600.2578125,28.125,20.124973128762527,8.000026871237473,8.000026871237473,True,0.9803051026937115,diag,3,gold psd 10-45
x001,2-Back,1600.2578125,1632.2578125,20.625,21.832852870076024,1.2078528700760245,-1.2078528700760245,True,0.9878314113274026,diag,3,gold psd 10-45
x001,2-Back,1632.2578125,1664.2578125,41.25,20.41432586577036,20.83567413422964,20.83567413422964,True,0.987687947191327,diag,3,gold psd 10-45
x001,2-Back,1664.2578125,1696.2578125,11.25,19.599264443154944,8.349264443154944,-8.349264443154944,True,0.9863296551747156,diag,3,gold psd 10-45
x001,2-Back,1696.2578125,1728.2578125,20.625,19.497269025756168,1.127730974243832,1.127730974243832,True,0.989283218742309,diag,3,gold psd 10-45
x001,2-Back,1728.2578125,1760.2578125,18.75,21.679238270225547,2.9292382702255466,-2.9292382702255466,True,0.9787253884015348,diag,3,gold psd 10-45
x001,2-Back,1760.2578125,1792.2578125,22.5,20.403552943753205,2.096447056246795,2.096447056246795,True,0.9835430166175191,diag,3,gold psd 10-45
x001,2-Back,1792.2578125,1824.2578125,15.0,21.846358096496957,6.846358096496957,-6.846358096496957,True,0.9825746090417797,diag,3,gold psd 10-45
x001,2-Back,1824.2578125,1856.2578125,15.0,23.32071516696359,8.320715166963591,-8.320715166963591,True,0.9831447471555397,diag,3,gold psd 10-45
x001,2-Back,1856.2578125,1888.2578125,11.25,22.463354557739855,11.213354557739855,-11.213354557739855,True,0.9781190597329679,diag,3,gold psd 10-45
x001,Running,1888.2578125,1920.2578125,24.375,24.86401220131947,0.48901220131946843,-0.48901220131946843,True,0.9750496672718647,diag,3,gold psd 10-45
x001,Running,1920.2578125,1952.2578125,28.125,26.653457509185703,1.471542490814297,1.471542490814297,True,0.9765956861619511,diag,3,gold psd 10-45
x001,Running,1952.2578125,1984.2578125,30.0,28.58557119281817,1.4144288071818316,1.4144288071818316,True,0.9774508048670013,diag,3,gold psd 10-45
x001,Running,1984.2578125,2016.2578125,30.0,29.90913181977251,0.09086818022748844,0.09086818022748844,True,0.9766747228086964,diag,3,gold psd 10-45
x001,Running,2016.2578125,2048.2578125,37.5,29.52576760840874,7.974232391591261,7.974232391591261,True,0.9808055536507934,diag,3,gold psd 10-45
x001,Running,2048.2578125,2080.2578125,22.5,29.976954684028506,7.476954684028506,-7.476954684028506,True,0.9774774641788037,diag,3,gold psd 10-45
x001,Running,2080.2578125,2112.2578125,31.875,30.585557284853977,1.2894427151460235,1.2894427151460235,True,0.9795224338757731,diag,3,gold psd 10-45
x001,Running,2112.2578125,2144.2578125,28.125,32.306970364486745,4.1819703644867445,-4.1819703644867445,True,0.9772114492919922,diag,3,gold psd 10-45
x001,Running,2144.2578125,2176.2578125,15.0,32.0366875754882,17.0366875754882,-17.0366875754882,True,0.9799891263061047,diag,3,gold psd 10-45
x001,Running,2176.2578125,2208.2578125,39.375,29.201301758068006,10.173698241931994,10.173698241931994,True,0.984701821112933,diag,3,gold psd 10-45
x001,Running,2208.2578125,2240.2578125,13.125,27.090867090961083,13.965867090961083,-13.965867090961083,True,0.9784313818103705,diag,3,gold psd 10-45
x002,Rest,64.3125,96.3125,30.0,22.534508462459318,7.465491537540682,7.465491537540682,True,0.9658327716883116,diag,3,gold psd 10-45
x002,Rest,96.3125,128.3125,11.25,25.155193700889853,13.905193700889853,-13.905193700889853,True,0.9746179271880377,diag,3,gold psd 10-45
x002,Rest,128.3125,160.3125,11.25,25.156254043192774,13.906254043192774,-13.906254043192774,True,0.9807892017592783,diag,3,gold psd 10-45
x002,Rest,160.3125,192.3125,35.625,25.3755603696019,10.2494396303981,10.2494396303981,True,0.9808575853867892,diag,3,gold psd 10-45
x002,Rest,192.3125,224.3125,15.0,22.87397517593095,7.873975175930951,-7.873975175930951,True,0.9861211877497963,diag,3,gold psd 10-45
x002,Rest,224.3125,256.3125,11.25,26.93775573848314,15.68775573848314,-15.68775573848314,True,0.9831604287578443,diag,3,gold psd 10-45
x002,Rest,256.3125,288.3125,37.5,22.809479071624594,14.690520928375406,14.690520928375406,True,0.980549994601886,diag,3,gold psd 10-45
x002,Rest,288.3125,320.3125,26.25,24.31503697865753,1.934963021342469,1.934963021342469,True,0.9790553521729923,diag,3,gold psd 10-45
x002,Rest,320.3125,352.3125,13.125,24.687187498866997,11.562187498866997,-11.562187498866997,True,0.9779481512034723,diag,3,gold psd 10-45
x002,Rest,352.3125,384.3125,28.125,29.32654546758574,1.2015454675857384,-1.2015454675857384,True,0.9553689808382766,diag,3,gold psd 10-45
x002,Rest,384.3125,416.3125,24.375,31.483309864581056,7.108309864581056,-7.108309864581056,True,0.9572650763365231,diag,3,gold psd 10-45
x002,Rest,416.3125,448.3125,11.25,27.844845631183215,16.594845631183215,-16.594845631183215,True,0.9202053088245317,diag,3,gold psd 10-45
x002,Walking,448.3125,480.3125,35.625,36.524750187789046,0.8997501877890457,-0.8997501877890457,True,0.7802279599857027,hr,3,gold psd 10-45
x002,Walking,480.3125,512.3125,39.375,32.81957794530639,6.555422054693608,6.555422054693608,True,0.7261898386830807,hr,3,gold psd 10-45
x002,Walking,512.3125,544.3125,24.375,33.28161088568946,8.90661088568946,-8.90661088568946,True,0.7181527424191382,hr,3,gold psd 10-45
x002,Walking,544.3125,576.3125,13.125,32.374957854018184,19.249957854018184,-19.249957854018184,True,0.6933455190911798,hr,3,gold psd 10-45
x002,Walking,576.3125,608.3125,43.125,34.59017188395934,8.534828116040657,8.534828116040657,True,0.7084774429217406,hr,3,gold psd 10-45
x002,Walking,608.3125,640.3125,30.0,29.785606191657322,0.21439380834267752,0.21439380834267752,True,0.6093696373799103,hr,3,gold psd 10-45
x002,Walking,640.3125,672.3125,28.125,28.561945602934408,0.4369456029344079,-0.4369456029344079,True,0.6177756608868388,hr,3,gold psd 10-45
x002,Walking,672.3125,704.3125,41.25,33.18730680737812,8.062693192621879,8.062693192621879,True,0.63775212009398,hr,3,gold psd 10-45
x002,Walking,704.3125,736.3125,33.75,32.129487750324586,1.6205122496754143,1.6205122496754143,True,0.6856401928272392,hr,3,gold psd 10-45
x002,Walking,736.3125,768.3125,11.25,33.08918088659236,21.83918088659236,-21.83918088659236,True,0.9483450140583654,diag,3,gold psd 10-45
x002,Walking,768.3125,800.3125,31.875,35.03399791716817,3.158997917168172,-3.158997917168172,True,0.9613118549302146,diag,3,gold psd 10-45
x002,Walking,800.3125,832.3125,11.25,27.56415470580289,16.31415470580289,-16.31415470580289,True,0.9346771131702427,diag,3,gold psd 10-45
x002,Walking,832.3125,864.3125,30.0,35.268880579803515,5.268880579803515,-5.268880579803515,True,0.9516085636864342,diag,3,gold psd 10-45
x002,Walking,864.3125,896.3125,24.375,26.040340470424027,1.6653404704240273,-1.6653404704240273,True,0.977862826602767,diag,3,gold psd 10-45
x002,Walking,896.3125,928.3125,11.25,29.80831669530494,18.55831669530494,-18.55831669530494,True,0.9760722315062882,diag,3,gold psd 10-45
x002,Walking,928.3125,960.3125,31.875,26.499252070412894,5.3757479295871065,5.3757479295871065,True,0.9730191720693976,diag,3,gold psd 10-45
x002,Walking,960.3125,992.3125,30.0,32.81631104603837,2.816311046038372,-2.816311046038372,True,0.9671323465515124,diag,3,gold psd 10-45
x002,2-Back,992.3125,1024.3125,28.125,27.879938043880333,0.24506195611966675,0.24506195611966675,True,0.9639409411042836,diag,3,gold psd 10-45
x002,2-Back,1024.3125,1056.3125,11.25,28.34012193169447,17.09012193169447,-17.09012193169447,True,0.972940346389855,diag,3,gold psd 10-45
x002,2-Back,1056.3125,1088.3125,20.625,29.999422034887377,9.374422034887377,-9.374422034887377,True,0.9747004677000881,diag,3,gold psd 10-45
x002,2-Back,1088.3125,1120.3125,13.125,29.40655699222138,16.28155699222138,-16.28155699222138,True,0.9732890619232619,diag,3,gold psd 10-45
x002,2-Back,1120.3125,1152.3125,18.75,28.87528283888998,10.12528283888998,-10.12528283888998,True,0.9761702919491322,diag,3,gold psd 10-45
x002,2-Back,1152.3125,1184.3125,13.125,30.061921130455346,16.936921130455346,-16.936921130455346,True,0.9788974912778362,diag,3,gold psd 10-45
x002,2-Back,1184.3125,1216.3125,26.25,31.215814084694735,4.965814084694735,-4.965814084694735,True,0.9701650111431713,diag,3,gold psd 10-45
x002,2-Back,1216.3125,1248.3125,13.125,25.096991727024502,11.971991727024502,-11.971991727024502,True,0.9635552828691525,diag,3,gold psd 10-45
x002,2-Back,1248.3125,1280.3125,13.125,26.84369778252433,13.71869778252433,-13.71869778252433,True,0.9843898046228924,diag,3,gold psd 10-45
x002,2-Back,1280.3125,1312.3125,13.125,28.22941383546946,15.104413835469462,-15.104413835469462,True,0.9764892204169516,diag,3,gold psd 10-45
x002,2-Back,1312.3125,1344.3125,18.75,30.369000379811887,11.619000379811887,-11.619000379811887,True,0.9213653171769107,diag,3,gold psd 10-45
x002,2-Back,1344.3125,1376.3125,15.0,20.561963388458473,5.561963388458473,-5.561963388458473,True,0.9667753725172272,diag,3,gold psd 10-45
x002,2-Back,1376.3125,1408.3125,30.0,23.807061957257382,6.192938042742618,6.192938042742618,True,0.9427949693332783,diag,3,gold psd 10-45
x002,2-Back,1408.3125,1440.3125,20.625,14.628903351608098,5.996096648391902,5.996096648391902,True,0.9513295407423639,diag,3,gold psd 10-45
x002,2-Back,1440.3125,1472.3125,16.875,13.906468044734208,2.9685319552657923,2.9685319552657923,True,0.9601882948658981,diag,3,gold psd 10-45
x002,2-Back,1472.3125,1504.3125,24.375,19.126930599862625,5.248069400137375,5.248069400137375,True,0.9705219112242263,diag,3,gold psd 10-45
x002,Running,1504.3125,1536.3125,30.0,28.426424205969575,1.5735757940304254,1.5735757940304254,True,0.9238943740038977,diag,3,gold psd 10-45
x002,Running,1536.3125,1568.3125,15.0,34.88351112555097,19.883511125550967,-19.883511125550967,True,0.8297145132574081,diag,3,gold psd 10-45
x002,Running,1568.3125,1600.3125,11.25,37.777678867244674,26.527678867244674,-26.527678867244674,True,0.840598691926228,diag,3,gold psd 10-45
x002,Running,1600.3125,1632.3125,13.125,40.2487209777164,27.123720977716403,-27.123720977716403,True,0.8333397878577364,diag,3,gold psd 10-45
x002,Running,1632.3125,1664.3125,39.375,40.40639436991353,1.031394369913528,-1.031394369913528,True,0.8101729726217302,diag,3,gold psd 10-45
x002,Running,1664.3125,1696.3125,43.125,40.06213060639436,3.062869393605638,3.062869393605638,True,0.790945434247926,hr,3,gold psd 10-45
x002,Running,1696.3125,1728.3125,11.25,43.00078858998325,31.75078858998325,-31.75078858998325,True,0.7917007393453853,hr,3,gold psd 10-45
x002,Running,1728.3125,1760.3125,18.75,41.57377463236959,22.82377463236959,-22.82377463236959,True,0.7803228480734269,hr,3,gold psd 10-45
x002,Running,1760.3125,1792.3125,26.25,43.800585487772246,17.550585487772246,-17.550585487772246,True,0.7811036358692514,hr,3,gold psd 10-45
x002,Running,1792.3125,1824.3125,30.0,41.43878629560481,11.438786295604807,-11.438786295604807,True,0.8447231548621743,diag,3,gold psd 10-45
x002,Running,1824.3125,1856.3125,22.5,35.500098023279655,13.000098023279655,-13.000098023279655,True,0.9571059582713167,diag,3,gold psd 10-45
x003,Rest,64.265625,96.265625,11.25,15.986912867416635,4.736912867416635,-4.736912867416635,True,0.9889871223682033,diag,3,gold psd 10-45
x003,Rest,96.265625,128.265625,13.125,11.902378295667997,1.2226217043320027,1.2226217043320027,True,0.9907008831535128,diag,3,gold psd 10-45
x003,Rest,128.265625,160.265625,11.25,12.72047540282187,1.4704754028218705,-1.4704754028218705,True,0.988830733065353,diag,3,gold psd 10-45
x003,Rest,160.265625,192.265625,18.75,15.338055715793942,3.411944284206058,3.411944284206058,True,0.9877741610845273,diag,3,gold psd 10-45
x003,Rest,192.265625,224.265625,16.875,14.568191493884449,2.3068085061155514,2.3068085061155514,True,0.987762966785347,diag,3,gold psd 10-45
x003,Rest,224.265625,256.265625,24.375,13.839896767433851,10.535103232566149,10.535103232566149,True,0.9886181332614319,diag,3,gold psd 10-45
x003,Rest,256.265625,288.265625,18.75,15.250062346551722,3.499937653448278,3.499937653448278,True,0.9873136104087854,diag,3,gold psd 10-45
x003,Rest,288.265625,320.265625,24.375,13.413793311706375,10.961206688293625,10.961206688293625,True,0.9901318337890543,diag,3,gold psd 10-45
x003,Rest,320.265625,352.265625,13.125,11.18744032897678,1.9375596710232195,1.9375596710232195,True,0.9893024967620855,diag,3,gold psd 10-45
x003,Rest,352.265625,384.265625,13.125,9.38304609261605,3.74195390738395,3.74195390738395,True,0.9865869769174409,diag,3,gold psd 10-45
x003,Rest,384.265625,416.265625,16.875,17.199442566014582,0.3244425660145822,-0.3244425660145822,True,0.9833726886836848,diag,3,gold psd 10-45
x003,Rest,416.265625,448.265625,16.875,17.783019683739354,0.9080196837393544,-0.9080196837393544,True,0.9866345499849611,diag,3,gold psd 10-45
x003,Walking,448.265625,480.265625,26.25,22.824814572873727,3.425185427126273,3.425185427126273,True,0.9166969769125418,diag,3,gold psd 10-45
x003,Walking,480.265625,512.265625,30.0,21.85514824676127,8.14485175323873,8.14485175323873,True,0.8280268560865465,diag,3,gold psd 10-45
x003,Walking,512.265625,544.265625,24.375,22.178049349202784,2.1969506507972163,2.1969506507972163,True,0.7763067087768839,hr,3,gold psd 10-45
x003,Walking,544.265625,576.265625,24.375,24.34573227484058,0.02926772515942133,0.02926772515942133,True,0.7365086722640941,hr,3,gold psd 10-45
x003,Walking,576.265625,608.265625,24.375,24.156407178229635,0.21859282177036476,0.21859282177036476,True,0.711703264629873,hr,3,gold psd 10-45
x003,Walking,608.265625,640.265625,22.5,23.753901852464608,1.2539018524646082,-1.2539018524646082,True,0.6150497931861729,hr,3,gold psd 10-45
x003,Walking,640.265625,672.265625,20.625,20.03691556894726,0.5880844310527387,0.5880844310527387,True,0.5932287361070332,hr,3,gold psd 10-45
x003,Walking,672.265625,704.265625,24.375,20.093785022814753,4.281214977185247,4.281214977185247,True,0.5485796319311189,hr,3,gold psd 10-45
x003,Walking,704.265625,736.265625,24.375,22.737584147736726,1.637415852263274,1.637415852263274,False,0.49780778586169244,bad,3,gold psd 10-45
x003,Walking,736.265625,768.265625,11.25,23.602486049366753,12.352486049366753,-12.352486049366753,True,0.7755075441134202,hr,3,gold psd 10-45
x003,Walking,768.265625,800.265625,24.375,23.028178668060452,1.3468213319395481,1.3468213319395481,True,0.9812929188426834,diag,3,gold psd 10-45
x003,Walking,800.265625,832.265625,18.75,15.766363163349869,2.983636836650131,2.983636836650131,True,0.9859551107699887,diag,3,gold psd 10-45
x003,Walking,832.265625,864.265625,11.25,13.689372995551345,2.439372995551345,-2.439372995551345,True,0.975970365405461,diag,3,gold psd 10-45
x003,Walking,864.265625,896.265625,16.875,13.339961411832618,3.5350385881673816,3.5350385881673816,True,0.9729993261835241,diag,3,gold psd 10-45
x003,Walking,896.265625,928.265625,26.25,19.611700147076675,6.638299852923325,6.638299852923325,True,0.9845133094202314,diag,3,gold psd 10-45
x003,Walking,928.265625,960.265625,18.75,18.138281539397724,0.6117184606022761,0.6117184606022761,True,0.9884710619678505,diag,3,gold psd 10-45
x003,Walking,960.265625,992.265625,11.25,11.538798143823545,0.28879814382354496,-0.28879814382354496,True,0.9912635012372305,diag,3,gold psd 10-45
x003,Walking,992.265625,1024.265625,16.875,14.178024910952129,2.6969750890478714,2.6969750890478714,True,0.9904528348149463,diag,3,gold psd 10-45
x003,Walking,1024.265625,1056.265625,18.75,15.408190265856234,3.341809734143766,3.341809734143766,True,0.9868284081323658,diag,3,gold psd 10-45
x003,Walking,1056.265625,1088.265625,11.25,20.6655755156135,9.4155755156135,-9.4155755156135,True,0.9851028162122223,diag,3,gold psd 10-45
x003,Walking,1088.265625,1120.265625,43.125,27.876138475366403,15.248861524633597,15.248861524633597,True,0.988607743407196,diag,3,gold psd 10-45
x003,Walking,1120.265625,1152.265625,18.75,26.47739955215365,7.727399552153649,-7.727399552153649,True,0.988240161285411,diag,3,gold psd 10-45
x003,Walking,1152.265625,1184.265625,15.0,22.135246392980456,7.135246392980456,-7.135246392980456,True,0.9829619133215594,diag,3,gold psd 10-45
x003,Walking,1184.265625,1216.265625,26.25,12.448835873854552,13.801164126145448,13.801164126145448,True,0.9861815078046515,diag,3,gold psd 10-45
x003,Walking,1216.265625,1248.265625,11.25,11.311666582299797,0.0616665822997966,-0.0616665822997966,True,0.9885486371835538,diag,3,gold psd 10-45
x003,Walking,1248.265625,1280.265625,15.0,13.151321862196811,1.848678137803189,1.848678137803189,True,0.9882679727292732,diag,3,gold psd 10-45
x003,Walking,1280.265625,1312.265625,16.875,11.345583755275303,5.529416244724697,5.529416244724697,True,0.9891463720030795,diag,3,gold psd 10-45
x003,Walking,1312.265625,1344.265625,16.875,14.960060193399125,1.9149398066008754,1.9149398066008754,True,0.9896943774990316,diag,3,gold psd 10-45
x003,2-Back,1344.265625,1376.265625,20.625,13.33647840313834,7.28852159686166,7.28852159686166,True,0.9891146240408278,diag,3,gold psd 10-45
x003,2-Back,1376.265625,1408.265625,30.0,28.669340240819032,1.3306597591809677,1.3306597591809677,True,0.9805440551608227,diag,3,gold psd 10-45
x003,2-Back,1408.265625,1440.265625,11.25,29.812599921500667,18.562599921500667,-18.562599921500667,True,0.9902889840473618,diag,3,gold psd 10-45
x003,2-Back,1440.265625,1472.265625,11.25,29.90639566330104,18.65639566330104,-18.65639566330104,True,0.9885330605393357,diag,3,gold psd 10-45
x003,2-Back,1472.265625,1504.265625,11.25,27.625037511983656,16.375037511983656,-16.375037511983656,True,0.9919792144207588,diag,3,gold psd 10-45
x003,2-Back,1504.265625,1536.265625,16.875,29.783145523560883,12.908145523560883,-12.908145523560883,True,0.984043278890386,diag,3,gold psd 10-45
x003,2-Back,1536.265625,1568.265625,18.75,29.4374282571748,10.687428257174801,-10.687428257174801,True,0.9746153995538712,diag,3,gold psd 10-45
x003,2-Back,1568.265625,1600.265625,16.875,29.496899577877013,12.621899577877013,-12.621899577877013,True,0.9903160325558322,diag,3,gold psd 10-45
x003,2-Back,1600.265625,1632.265625,30.0,28.46690877071197,1.5330912292880292,1.5330912292880292,True,0.9890922978046003,diag,3,gold psd 10-45
x003,2-Back,1632.265625,1664.265625,15.0,19.972632944903978,4.972632944903978,-4.972632944903978,True,0.9564907969447572,diag,3,gold psd 10-45
x003,2-Back,1664.265625,1696.265625,24.375,10.820045939046029,13.554954060953971,13.554954060953971,True,0.9799599011688551,diag,3,gold psd 10-45
x003,2-Back,1696.265625,1728.265625,20.625,7.722615825072323,12.902384174927677,12.902384174927677,True,0.9823878360131607,diag,3,gold psd 10-45
x003,2-Back,1728.265625,1760.265625,13.125,8.244321552942191,4.880678447057809,4.880678447057809,True,0.9733668840314406,diag,3,gold psd 10-45
x003,2-Back,1760.265625,1792.265625,20.625,10.841828096630113,9.783171903369887,9.783171903369887,True,0.9899321914859256,diag,3,gold psd 10-45
x003,2-Back,1792.265625,1824.265625,20.625,9.784344836407264,10.840655163592736,10.840655163592736,True,0.9413834696026164,diag,3,gold psd 10-45
x003,2-Back,1824.265625,1856.265625,30.0,22.533039315566203,7.466960684433797,7.466960684433797,True,0.942117662424086,diag,3,gold psd 10-45
x003,2-Back,1856.265625,1888.265625,13.125,29.171251118536986,16.046251118536986,-16.046251118536986,True,0.9254985106642102,diag,3,gold psd 10-45
x003,2-Back,1888.265625,1920.265625,33.75,24.55239708539201,9.197602914607991,9.197602914607991,True,0.9840571746602412,diag,3,gold psd 10-45
x003,2-Back,1920.265625,1952.265625,11.25,23.539580101791568,12.289580101791568,-12.289580101791568,True,0.9855382300966063,diag,3,gold psd 10-45
x003,2-Back,1952.265625,1984.265625,16.875,17.003683927729355,0.12868392772935522,-0.12868392772935522,True,0.9852445155158122,diag,3,gold psd 10-45
x003,2-Back,1984.265625,2016.265625,28.125,19.704363189114687,8.420636810885313,8.420636810885313,True,0.9826645205977944,diag,3,gold psd 10-45
x003,2-Back,2016.265625,2048.265625,16.875,16.521896303836428,0.35310369616357207,0.35310369616357207,True,0.9840883994395766,diag,3,gold psd 10-45
x003,2-Back,2048.265625,2080.265625,18.75,16.601471649691103,2.148528350308897,2.148528350308897,True,0.9617089476199358,diag,3,gold psd 10-45
x003,Running,2080.265625,2112.265625,26.25,26.283918236548534,0.03391823654853354,-0.03391823654853354,True,0.8167565956901081,diag,3,gold psd 10-45
x003,Running,2112.265625,2144.265625,26.25,24.11868238348527,2.1313176165147283,2.1313176165147283,True,0.623601525951972,hr,3,gold psd 10-45
x003,Running,2144.265625,2176.265625,31.875,35.957057249922116,4.082057249922116,-4.082057249922116,True,0.6306207832445592,hr,3,gold psd 10-45
x003,Running,2176.265625,2208.265625,28.125,26.19810583986365,1.9268941601363494,1.9268941601363494,True,0.6200433108664039,hr,3,gold psd 10-45
x003,Running,2208.265625,2240.265625,16.875,26.88591194279774,10.01091194279774,-10.01091194279774,True,0.6328295851991568,hr,3,gold psd 10-45
x003,Running,2240.265625,2272.265625,30.0,30.922628665381644,0.9226286653816445,-0.9226286653816445,True,0.7193546838583782,hr,3,gold psd 10-45
x003,Running,2272.265625,2304.265625,26.25,27.47622626359948,1.2262262635994787,-1.2262262635994787,True,0.7398180049478182,hr,3,gold psd 10-45
x003,Running,2304.265625,2336.265625,31.875,30.176175317866946,1.6988246821330542,1.6988246821330542,True,0.7390256377342888,hr,3,gold psd 10-45
x003,Running,2336.265625,2368.265625,30.0,28.939417216150066,1.0605827838499344,1.0605827838499344,True,0.7691240428799259,hr,3,gold psd 10-45
x004,Rest,96.14453125,128.14453125,15.0,17.953987112814993,2.9539871128149926,-2.9539871128149926,True,0.9693596272492603,diag,3,gold psd 10-45
x004,Rest,128.14453125,160.14453125,15.0,15.001504092451412,0.0015040924514124754,-0.0015040924514124754,True,0.972979568287076,diag,3,gold psd 10-45
x004,Rest,160.14453125,192.14453125,16.875,15.796040755829361,1.0789592441706386,1.0789592441706386,True,0.9739130607971367,diag,3,gold psd 10-45
x004,Rest,192.14453125,224.14453125,15.0,17.296126647038456,2.296126647038456,-2.296126647038456,True,0.9747906107915378,diag,3,gold psd 10-45
x004,Rest,224.14453125,256.14453125,13.125,14.675863074605813,1.5508630746058127,-1.5508630746058127,True,0.9591295180904661,diag,3,gold psd 10-45
x004,Rest,256.14453125,288.14453125,16.875,14.480421002522599,2.394578997477401,2.394578997477401,True,0.971221866675253,diag,3,gold psd 10-45
x004,Rest,288.14453125,320.14453125,16.875,18.171170541858054,1.2961705418580536,-1.2961705418580536,True,0.9651154364523469,diag,3,gold psd 10-45
x004,Rest,320.14453125,352.14453125,30.0,14.830409833860454,15.169590166139546,15.169590166139546,True,0.9646056886301883,diag,3,gold psd 10-45
x004,Rest,352.14453125,384.14453125,18.75,16.92110187539097,1.8288981246090295,1.8288981246090295,True,0.9722749154209156,diag,3,gold psd 10-45
x004,Rest,384.14453125,416.14453125,15.0,12.769579717797672,2.230420282202328,2.230420282202328,True,0.9572725032526574,diag,3,gold psd 10-45
x004,Rest,416.14453125,448.14453125,11.25,12.904669969951298,1.6546699699512981,-1.6546699699512981,True,0.9665237004018187,diag,3,gold psd 10-45
x004,Rest,448.14453125,480.14453125,15.0,11.87664378809638,3.1233562119036193,3.1233562119036193,True,0.9456559838831377,diag,3,gold psd 10-45
x004,Walking,480.14453125,512.14453125,16.875,11.139841341706944,5.735158658293056,5.735158658293056,True,0.9015822081255483,diag,3,gold psd 10-45
x004,Walking,512.14453125,544.14453125,18.75,13.733550275649165,5.016449724350835,5.016449724350835,True,0.8650144121607442,diag,3,gold psd 10-45
x004,Walking,544.14453125,576.14453125,22.5,18.42958892135846,4.070411078641541,4.070411078641541,True,0.9009083710050247,diag,3,gold psd 10-45
x004,Walking,576.14453125,608.14453125,28.125,21.610140781355,6.514859218645,6.514859218645,True,0.8961408901648623,diag,3,gold psd 10-45
x004,Walking,608.14453125,640.14453125,18.75,19.67431882688934,0.9243188268893405,-0.9243188268893405,True,0.9001468413462488,diag,3,gold psd 10-45
x004,Walking,640.14453125,672.14453125,16.875,19.126666755664836,2.2516667556648358,-2.2516667556648358,True,0.9141588071803077,diag,3,gold psd 10-45
x004,Walking,672.14453125,704.14453125,13.125,17.608646210952678,4.483646210952678,-4.483646210952678,True,0.8956085181521735,diag,3,gold psd 10-45
x004,Walking,704.14453125,736.14453125,11.25,18.29617624468856,7.04617624468856,-7.04617624468856,True,0.9131584569053682,diag,3,gold psd 10-45
x004,Walking,736.14453125,768.14453125,18.75,19.656258161597123,0.9062581615971226,-0.9062581615971226,True,0.913707833437142,diag,3,gold psd 10-45
x004,Walking,768.14453125,800.14453125,16.875,19.85854425153982,2.9835442515398185,-2.9835442515398185,True,0.9232353538527228,diag,3,gold psd 10-45
x004,Walking,800.14453125,832.14453125,11.25,17.03124843196257,5.78124843196257,-5.78124843196257,True,0.9602495254082342,diag,3,gold psd 10-45
x004,Walking,832.14453125,864.14453125,13.125,20.86013393864029,7.735133938640288,-7.735133938640288,True,0.9530133453034787,diag,3,gold psd 10-45
x004,Walking,864.14453125,896.14453125,22.5,14.411073170230942,8.088926829769058,8.088926829769058,True,0.9660930931976754,diag,3,gold psd 10-45
x004,Walking,896.14453125,928.14453125,11.25,18.19922220040359,6.9492222004035895,-6.9492222004035895,True,0.9463435372947505,diag,3,gold psd 10-45
x004,Walking,928.14453125,960.14453125,13.125,17.375035680178677,4.2500356801786765,-4.2500356801786765,True,0.9634217709652877,diag,3,gold psd 10-45
x004,Walking,960.14453125,992.14453125,13.125,17.595393376925035,4.470393376925035,-4.470393376925035,True,0.9715862337826698,diag,3,gold psd 10-45
x004,Walking,992.14453125,1024.14453125,22.5,24.784994121879752,2.284994121879752,-2.284994121879752,True,0.9758082245830977,diag,3,gold psd 10-45
x004,Walking,1024.14453125,1056.14453125,18.75,26.315652931903497,7.565652931903497,-7.565652931903497,True,0.9730436559640888,diag,3,gold psd 10-45
x004,Walking,1056.14453125,1088.14453125,16.875,22.570402371722764,5.695402371722764,-5.695402371722764,True,0.9645748417120077,diag,3,gold psd 10-45
x004,2-Back,1088.14453125,1120.14453125,16.875,13.302405877092045,3.5725941229079545,3.5725941229079545,True,0.9539361230277233,diag,3,gold psd 10-45
x004,2-Back,1120.14453125,1152.14453125,15.0,15.95288228196819,0.9528822819681899,-0.9528822819681899,True,0.9728013699645698,diag,3,gold psd 10-45
x004,2-Back,1152.14453125,1184.14453125,18.75,30.06406030254454,11.31406030254454,-11.31406030254454,True,0.976413636205201,diag,3,gold psd 10-45
x004,2-Back,1184.14453125,1216.14453125,15.0,27.782792620799768,12.782792620799768,-12.782792620799768,True,0.982259190243109,diag,3,gold psd 10-45
x004,2-Back,1216.14453125,1248.14453125,20.625,27.465529276491363,6.840529276491363,-6.840529276491363,True,0.980398263878452,diag,3,gold psd 10-45
x004,2-Back,1248.14453125,1280.14453125,22.5,25.534460773568586,3.0344607735685862,-3.0344607735685862,True,0.9738693552599444,diag,3,gold psd 10-45
x004,2-Back,1280.14453125,1312.14453125,30.0,26.79446302108846,3.205536978911539,3.205536978911539,True,0.9723614285429552,diag,3,gold psd 10-45
x004,2-Back,1312.14453125,1344.14453125,11.25,27.723574988931432,16.473574988931432,-16.473574988931432,True,0.9759181403807103,diag,3,gold psd 10-45
x004,2-Back,1344.14453125,1376.14453125,24.375,25.08903057214833,0.7140305721483315,-0.7140305721483315,True,0.9775551455677112,diag,3,gold psd 10-45
x004,2-Back,1376.14453125,1408.14453125,16.875,27.50316848566771,10.628168485667711,-10.628168485667711,True,0.9629449137197604,diag,3,gold psd 10-45
x004,2-Back,1408.14453125,1440.14453125,22.5,19.06725906113696,3.4327409388630414,3.4327409388630414,True,0.9570752014123295,diag,3,gold psd 10-45
x004,2-Back,1440.14453125,1472.14453125,28.125,18.218832011603208,9.906167988396792,9.906167988396792,True,0.9415519119729316,diag,3,gold psd 10-45
x004,2-Back,1472.14453125,1504.14453125,16.875,17.985243486790438,1.1102434867904378,-1.1102434867904378,True,0.9475770593160106,diag,3,gold psd 10-45
x004,2-Back,1504.14453125,1536.14453125,16.875,14.707115965328551,2.1678840346714487,2.1678840346714487,True,0.9011917701221093,diag,3,gold psd 10-45
x004,Running,1536.14453125,1568.14453125,16.875,13.654669641263375,3.220330358736625,3.220330358736625,True,0.9079275670059758,diag,3,gold psd 10-45
x004,Running,1568.14453125,1600.14453125,15.0,16.2960712712868,1.2960712712867988,-1.2960712712867988,True,0.9161244757017011,diag,3,gold psd 10-45
x004,Running,1600.14453125,1632.14453125,20.625,18.96552374026688,1.6594762597331183,1.6594762597331183,True,0.9233633493481274,diag,3,gold psd 10-45
x004,Running,1632.14453125,1664.14453125,22.5,21.138216099267574,1.3617839007324264,1.3617839007324264,True,0.9267107760774962,diag,3,gold psd 10-45
x004,Running,1664.14453125,1696.14453125,20.625,23.626541681288657,3.001541681288657,-3.001541681288657,True,0.9219236268980971,diag,3,gold psd 10-45
x004,Running,1696.14453125,1728.14453125,22.5,22.38826460384839,0.11173539615160877,0.11173539615160877,True,0.9313347579341148,diag,3,gold psd 10-45
x004,Running,1728.14453125,1760.14453125,26.25,25.202276608938607,1.0477233910613926,1.0477233910613926,True,0.925681922784812,diag,3,gold psd 10-45
x004,Running,1760.14453125,1792.14453125,24.375,24.246871779291112,0.12812822070888785,0.12812822070888785,True,0.9302847812460245,diag,3,gold psd 10-45
x004,Running,1792.14453125,1824.14453125,16.875,25.77118828278369,8.89618828278369,-8.89618828278369,True,0.9264820178092981,diag,3,gold psd 10-45
x005,Rest,96.68359375,128.68359375,20.625,16.103183046652575,4.521816953347425,4.521816953347425,True,0.9854539135049145,diag,3,gold psd 10-45
x005,Rest,128.68359375,160.68359375,28.125,13.689368379110832,14.435631620889168,14.435631620889168,True,0.9749564663405236,diag,3,gold psd 10-45
x005,Rest,160.68359375,192.68359375,11.25,14.529259434871767,3.2792594348717667,-3.2792594348717667,True,0.983451091258832,diag,3,gold psd 10-45
x005,Rest,192.68359375,224.68359375,28.125,14.562418464076856,13.562581535923144,13.562581535923144,True,0.9774190297973381,diag,3,gold psd 10-45
x005,Rest,224.68359375,256.68359375,18.75,14.120241814245624,4.629758185754376,4.629758185754376,True,0.9827262239531157,diag,3,gold psd 10-45
x005,Rest,256.68359375,288.68359375,24.375,14.317126587170016,10.057873412829984,10.057873412829984,True,0.983644090897601,diag,3,gold psd 10-45
x005,Rest,288.68359375,320.68359375,18.75,14.338978862544879,4.411021137455121,4.411021137455121,True,0.9789786287160428,diag,3,gold psd 10-45
x005,Rest,320.68359375,352.68359375,30.0,15.026449689719911,14.973550310280089,14.973550310280089,True,0.9613874413164389,diag,3,gold psd 10-45
x005,Rest,352.68359375,384.68359375,13.125,15.790701635032601,2.665701635032601,-2.665701635032601,True,0.9644351113514315,diag,3,gold psd 10-45
x005,Rest,384.68359375,416.68359375,15.0,14.553087891768904,0.4469121082310963,0.4469121082310963,True,0.9787549168148477,diag,3,gold psd 10-45
x005,Rest,416.68359375,448.68359375,22.5,19.735123252668153,2.764876747331847,2.764876747331847,True,0.981420250465632,diag,3,gold psd 10-45
x005,Rest,448.68359375,480.68359375,11.25,21.289769698206626,10.039769698206626,-10.039769698206626,True,0.9841455212931013,diag,3,gold psd 10-45
x005,Rest,480.68359375,512.68359375,26.25,22.915636893403473,3.334363106596527,3.334363106596527,True,0.983808983722737,diag,3,gold psd 10-45
x005,Rest,512.68359375,544.68359375,26.25,20.210945704165116,6.039054295834884,6.039054295834884,True,0.9801896875574071,diag,3,gold psd 10-45
x005,Rest,544.68359375,576.68359375,31.875,20.2530455054832,11.6219544945168,11.6219544945168,True,0.9614971464254207,diag,3,gold psd 10-45
x005,Walking,576.68359375,608.68359375,18.75,22.379668137336775,3.6296681373367754,-3.6296681373367754,True,0.9506332089181886,diag,3,gold psd 10-45
x005,Walking,608.68359375,640.68359375,13.125,19.442184229976284,6.317184229976284,-6.317184229976284,True,0.967642057533819,diag,3,gold psd 10-45
x005,Walking,640.68359375,672.68359375,11.25,22.92817225752679,11.67817225752679,-11.67817225752679,True,0.9619481842948087,diag,3,gold psd 10-45
x005,Walking,672.68359375,704.68359375,30.0,22.471496519800887,7.528503480199113,7.528503480199113,True,0.9674066027811142,diag,3,gold psd 10-45
x005,Walking,704.68359375,736.68359375,18.75,20.001875339709272,1.2518753397092723,-1.2518753397092723,True,0.9704688232689321,diag,3,gold psd 10-45
x005,Walking,736.68359375,768.68359375,18.75,21.531152814197135,2.781152814197135,-2.781152814197135,True,0.9677888366276952,diag,3,gold psd 10-45
x005,Walking,768.68359375,800.68359375,28.125,22.004715705729755,6.120284294270245,6.120284294270245,True,0.9758484351315276,diag,3,gold psd 10-45
x005,Walking,800.68359375,832.68359375,39.375,20.59368557496762,18.78131442503238,18.78131442503238,True,0.9737329501432148,diag,3,gold psd 10-45
x005,Walking,832.68359375,864.68359375,16.875,19.273481402416635,2.3984814024166354,-2.3984814024166354,True,0.9723582053763538,diag,3,gold psd 10-45
x005,Walking,864.68359375,896.68359375,11.25,18.674562675387914,7.424562675387914,-7.424562675387914,True,0.9734735849738029,diag,3,gold psd 10-45
x005,Walking,896.68359375,928.68359375,16.875,21.93633348293144,5.061333482931438,-5.061333482931438,True,0.9791135937763878,diag,3,gold psd 10-45
x005,Walking,928.68359375,960.68359375,18.75,20.642089918425718,1.892089918425718,-1.892089918425718,True,0.9724965169860883,diag,3,gold psd 10-45
x005,Walking,960.68359375,992.68359375,18.75,19.764071349714442,1.0140713497144418,-1.0140713497144418,True,0.9786407433598989,diag,3,gold psd 10-45
x005,Walking,992.68359375,1024.68359375,18.75,19.879672943197324,1.129672943197324,-1.129672943197324,True,0.9740426233315643,diag,3,gold psd 10-45
x005,Walking,1024.68359375,1056.68359375,11.25,20.6468442491857,9.396844249185701,-9.396844249185701,True,0.9796759269985446,diag,3,gold psd 10-45
x005,Walking,1056.68359375,1088.68359375,11.25,20.55776273001665,9.307762730016648,-9.307762730016648,True,0.9714810378324099,diag,3,gold psd 10-45
x005,Walking,1088.68359375,1120.68359375,20.625,21.368306014353074,0.7433060143530739,-0.7433060143530739,True,0.9815085212560399,diag,3,gold psd 10-45
x005,Walking,1120.68359375,1152.68359375,33.75,21.22528551274926,12.52471448725074,12.52471448725074,True,0.9798254755755887,diag,3,gold psd 10-45
x005,Walking,1152.68359375,1184.68359375,16.875,21.051452887726505,4.176452887726505,-4.176452887726505,True,0.960762539295522,diag,3,gold psd 10-45
x005,Walking,1184.68359375,1216.68359375,26.25,27.818104256003238,1.568104256003238,-1.568104256003238,True,0.9811675323423065,diag,3,gold psd 10-45
x005,Walking,1216.68359375,1248.68359375,15.0,17.983653862872494,2.983653862872494,-2.983653862872494,True,0.9719393543733001,diag,3,gold psd 10-45
x005,2-Back,1248.68359375,1280.68359375,20.625,18.598465777984714,2.026534222015286,2.026534222015286,True,0.9798122150608037,diag,3,gold psd 10-45
x005,2-Back,1280.68359375,1312.68359375,13.125,16.18470830284491,3.0597083028449106,-3.0597083028449106,True,0.9760071077532895,diag,3,gold psd 10-45
x005,2-Back,1312.68359375,1344.68359375,24.375,28.410501244251616,4.035501244251616,-4.035501244251616,True,0.9689314046097042,diag,3,gold psd 10-45
x005,2-Back,1344.68359375,1376.68359375,16.875,28.32191633633513,11.446916336335129,-11.446916336335129,True,0.9827680547353153,diag,3,gold psd 10-45
x005,2-Back,1376.68359375,1408.68359375,28.125,29.831350737088606,1.7063507370886057,-1.7063507370886057,True,0.9812076879053577,diag,3,gold psd 10-45
x005,2-Back,1408.68359375,1440.68359375,11.25,26.007786503561764,14.757786503561764,-14.757786503561764,True,0.9817124516304364,diag,3,gold psd 10-45
x005,2-Back,1440.68359375,1472.68359375,13.125,29.661025712167756,16.536025712167756,-16.536025712167756,True,0.9831610991558937,diag,3,gold psd 10-45
x005,2-Back,1472.68359375,1504.68359375,13.125,26.28321799768593,13.15821799768593,-13.15821799768593,True,0.9759022395947302,diag,3,gold psd 10-45
x005,2-Back,1504.68359375,1536.68359375,11.25,28.360679371539042,17.110679371539042,-17.110679371539042,True,0.9730297259860977,diag,3,gold psd 10-45
x005,2-Back,1536.68359375,1568.68359375,28.125,28.450029334005606,0.3250293340056061,-0.3250293340056061,True,0.9802834696290137,diag,3,gold psd 10-45
x005,2-Back,1568.68359375,1600.68359375,39.375,23.051692733633892,16.323307266366108,16.323307266366108,True,0.9787749303687558,diag,3,gold psd 10-45
x005,2-Back,1600.68359375,1632.68359375,22.5,19.144059279159485,3.3559407208405148,3.3559407208405148,True,0.9772378169416365,diag,3,gold psd 10-45
x005,2-Back,1632.68359375,1664.68359375,13.125,22.551178028857144,9.426178028857144,-9.426178028857144,True,0.9849488130079842,diag,3,gold psd 10-45
x005,2-Back,1664.68359375,1696.68359375,20.625,20.70624871592298,0.08124871592298177,-0.08124871592298177,True,0.9687382203476668,diag,3,gold psd 10-45
x005,Running,1696.68359375,1728.68359375,16.875,22.437488912488426,5.562488912488426,-5.562488912488426,True,0.9733748016586138,diag,3,gold psd 10-45
x005,Running,1728.68359375,1760.68359375,18.75,18.305040832224314,0.44495916777568567,0.44495916777568567,True,0.970091050006949,diag,3,gold psd 10-45
x005,Running,1760.68359375,1792.68359375,20.625,22.43088485345627,1.80588485345627,-1.80588485345627,True,0.9623804078665358,diag,3,gold psd 10-45
x005,Running,1792.68359375,1824.68359375,26.25,24.166781169819195,2.0832188301808046,2.0832188301808046,True,0.9636832148897693,diag,3,gold psd 10-45
x005,Running,1824.68359375,1856.68359375,28.125,24.648704592480925,3.476295407519075,3.476295407519075,True,0.9612746814285104,diag,3,gold psd 10-45
x005,Running,1856.68359375,1888.68359375,26.25,26.415602340528903,0.16560234052890266,-0.16560234052890266,True,0.9603033698758744,diag,3,gold psd 10-45
x005,Running,1888.68359375,1920.68359375,24.375,25.646837468771636,1.2718374687716363,-1.2718374687716363,True,0.9572931535502738,diag,3,gold psd 10-45
x005,Running,1920.68359375,1952.68359375,16.875,27.262418773278235,10.387418773278235,-10.387418773278235,True,0.966719782326475,diag,3,gold psd 10-45
x005,Running,1952.68359375,1984.68359375,26.25,27.064126769978678,0.814126769978678,-0.814126769978678,True,0.9572519631607912,diag,3,gold psd 10-45
x005,Running,1984.68359375,2001.58203125,14.202496532593619,27.055849458921642,12.853352926328023,-12.853352926328023,True,0.9536292080131312,diag,3,gold psd 10-45
x006,Rest,96.50390625,128.50390625,22.5,17.639607540456588,4.860392459543412,4.860392459543412,True,0.5473643530604424,hr,3,gold psd 10-45
x006,Rest,128.50390625,160.50390625,24.375,12.615578360044614,11.759421639955386,11.759421639955386,True,0.6281963776295852,hr,3,gold psd 10-45
x006,Rest,160.50390625,192.50390625,13.125,12.50969082478544,0.6153091752145592,0.6153091752145592,True,0.8237001572849201,diag,3,gold psd 10-45
x006,Rest,192.50390625,224.50390625,15.0,14.87316073309292,0.12683926690707992,0.12683926690707992,True,0.765888722885604,hr,3,gold psd 10-45
x006,Rest,224.50390625,256.50390625,15.0,15.760320279775463,0.7603202797754633,-0.7603202797754633,True,0.7120461192438614,hr,3,gold psd 10-45
x006,Rest,256.50390625,288.50390625,11.25,17.145880251362552,5.895880251362552,-5.895880251362552,True,0.6151468088544477,hr,3,gold psd 10-45
x006,Rest,288.50390625,320.50390625,13.125,13.814170936358899,0.6891709363588987,-0.6891709363588987,True,0.7250777288896422,hr,3,gold psd 10-45
x006,Rest,320.50390625,352.50390625,13.125,12.93737621416384,0.18762378583615913,0.18762378583615913,True,0.7246050957572664,hr,3,gold psd 10-45
x006,Rest,352.50390625,384.50390625,28.125,14.039751785243167,14.085248214756833,14.085248214756833,True,0.7775824784453768,hr,3,gold psd 10-45
x006,Rest,384.50390625,416.50390625,18.75,15.407965839662575,3.342034160337425,3.342034160337425,True,0.7342583826331898,hr,3,gold psd 10-45
x006,Rest,416.50390625,448.50390625,11.25,18.537032726703288,7.287032726703288,-7.287032726703288,False,0.29240012590315584,bad,3,gold psd 10-45
x006,Walking,448.50390625,480.50390625,33.75,26.67183871281432,7.078161287185679,7.078161287185679,False,0.15451136319172337,bad,3,gold psd 10-45
x006,Walking,480.50390625,512.50390625,45.0,28.708068053941417,16.291931946058583,16.291931946058583,False,0.1428144904805378,bad,3,gold psd 10-45
x006,Walking,512.50390625,544.50390625,16.875,28.676589119688423,11.801589119688423,-11.801589119688423,False,0.10765695383764798,bad,3,gold psd 10-45
x006,Walking,544.50390625,576.50390625,22.5,30.582576258374083,8.082576258374083,-8.082576258374083,False,0.15289073898908498,bad,3,gold psd 10-45
x006,Walking,576.50390625,608.50390625,15.0,30.960051187721454,15.960051187721454,-15.960051187721454,False,0.13652940935933247,bad,3,gold psd 10-45
x006,Walking,608.50390625,640.50390625,15.0,28.166568799535852,13.166568799535852,-13.166568799535852,False,0.19933542377815835,bad,3,gold psd 10-45
x006,Walking,640.50390625,672.50390625,31.875,28.09660331353544,3.7783966864645606,3.7783966864645606,False,0.1518168202939572,bad,3,gold psd 10-45
x006,Walking,672.50390625,704.50390625,37.5,25.090747109305767,12.409252890694233,12.409252890694233,False,0.12619395077753653,bad,3,gold psd 10-45
x006,Walking,704.50390625,736.50390625,30.0,28.52985182074969,1.4701481792503088,1.4701481792503088,False,0.16662062588231244,bad,3,gold psd 10-45
x006,Walking,736.50390625,768.50390625,35.625,29.91948981860735,5.7055101813926505,5.7055101813926505,True,0.76553009951294,hr,3,gold psd 10-45
x006,Walking,768.50390625,800.50390625,24.375,27.06127108802318,2.6862710880231795,-2.6862710880231795,True,0.6414370610014852,hr,3,gold psd 10-45
x006,Walking,800.50390625,832.50390625,22.5,20.179957308169158,2.3200426918308423,2.3200426918308423,True,0.8979411905426649,diag,3,gold psd 10-45
x006,Walking,832.50390625,864.50390625,18.75,25.571761442380176,6.821761442380176,-6.821761442380176,True,0.7801679726712928,hr,3,gold psd 10-45
x006,Walking,864.50390625,896.50390625,16.875,28.86384840713042,11.988848407130419,-11.988848407130419,True,0.6517168642679719,hr,3,gold psd 10-45
x006,Walking,896.50390625,928.50390625,18.75,24.82361522833874,6.073615228338738,-6.073615228338738,True,0.6641979638311863,hr,3,gold psd 10-45
x006,Walking,928.50390625,960.50390625,15.0,23.147125074031628,8.147125074031628,-8.147125074031628,True,0.7991835366796354,hr,3,gold psd 10-45
x006,Walking,960.50390625,992.50390625,11.25,21.79050802603179,10.540508026031791,-10.540508026031791,True,0.863805763499879,diag,3,gold psd 10-45
x006,Walking,992.50390625,1024.50390625,22.5,27.479798800190046,4.979798800190046,-4.979798800190046,True,0.8187591007181112,diag,3,gold psd 10-45
x006,Walking,1024.50390625,1056.50390625,20.625,23.52441677353868,2.899416773538679,-2.899416773538679,True,0.8322931980677921,diag,3,gold psd 10-45
x006,Walking,1056.50390625,1088.50390625,24.375,22.508202501603684,1.8667974983963163,1.8667974983963163,True,0.8437027864032176,diag,3,gold psd 10-45
x006,2-Back,1088.50390625,1120.50390625,15.0,20.62686287597068,5.62686287597068,-5.62686287597068,True,0.9651213925922787,diag,3,gold psd 10-45
x006,2-Back,1120.50390625,1152.50390625,28.125,24.160247446722195,3.9647525532778047,3.9647525532778047,True,0.9769478024747206,diag,3,gold psd 10-45
x006,2-Back,1152.50390625,1184.50390625,18.75,25.564257721450147,6.814257721450147,-6.814257721450147,True,0.9520565196094828,diag,3,gold psd 10-45
x006,2-Back,1184.50390625,1216.50390625,26.25,28.56470947987875,2.3147094798787506,-2.3147094798787506,True,0.9660132663556223,diag,3,gold psd 10-45
x006,2-Back,1216.50390625,1248.50390625,11.25,17.73212799989531,6.482127999895312,-6.482127999895312,True,0.9512768274223964,diag,3,gold psd 10-45
x006,2-Back,1248.50390625,1280.50390625,41.25,19.591505794621266,21.658494205378734,21.658494205378734,True,0.9572100235985876,diag,3,gold psd 10-45
x006,2-Back,1280.50390625,1312.50390625,26.25,25.21625788095171,1.0337421190482914,1.0337421190482914,True,0.9730313039542334,diag,3,gold psd 10-45
x006,2-Back,1312.50390625,1344.50390625,24.375,27.38590518986271,3.0109051898627115,-3.0109051898627115,True,0.9142821855539932,diag,3,gold psd 10-45
x006,2-Back,1344.50390625,1376.50390625,11.25,26.45542102492341,15.20542102492341,-15.20542102492341,True,0.9754646163188717,diag,3,gold psd 10-45
x006,2-Back,1376.50390625,1408.50390625,24.375,27.409643825685272,3.034643825685272,-3.034643825685272,True,0.7919314365862946,hr,3,gold psd 10-45
x006,2-Back,1408.50390625,1440.50390625,24.375,24.16617756069562,0.20882243930438094,0.20882243930438094,True,0.645029728062835,hr,3,gold psd 10-45
x006,2-Back,1440.50390625,1472.50390625,30.0,24.408066699857404,5.591933300142596,5.591933300142596,True,0.658070941031224,hr,3,gold psd 10-45
x006,Running,1472.50390625,1504.50390625,11.25,24.250049798175013,13.000049798175013,-13.000049798175013,False,0.101168593216606,bad,3,gold psd 10-45
x006,Running,1504.50390625,1536.50390625,30.0,21.146530837319002,8.853469162680998,8.853469162680998,False,0.1285647353266881,bad,3,gold psd 10-45
x006,Running,1536.50390625,1568.50390625,31.875,24.976801573908627,6.898198426091373,6.898198426091373,False,0.13559706834965335,bad,3,gold psd 10-45
x006,Running,1568.50390625,1600.50390625,18.75,25.697312507901223,6.9473125079012235,-6.9473125079012235,False,0.08046901686527916,bad,3,gold psd 10-45
x006,Running,1600.50390625,1632.50390625,30.0,26.718546407208805,3.2814535927911948,3.2814535927911948,False,0.14329960621313648,bad,3,gold psd 10-45
x006,Running,1632.50390625,1664.50390625,15.0,26.17632406848541,11.17632406848541,-11.17632406848541,False,0.13980704521767,bad,3,gold psd 10-45
x006,Running,1664.50390625,1696.50390625,26.25,27.614436909428555,1.3644369094285551,-1.3644369094285551,False,0.11502559133592115,bad,3,gold psd 10-45
x006,Running,1696.50390625,1728.50390625,24.375,27.28104204888976,2.906042048889759,-2.906042048889759,False,0.12987912882789193,bad,3,gold psd 10-45
x006,Running,1728.50390625,1760.50390625,26.25,27.572664797489658,1.322664797489658,-1.322664797489658,False,0.12191449170723717,bad,3,gold psd 10-45
x006,Running,1760.50390625,1776.64453125,40.89060987415295,27.565045391590232,13.325564482562719,13.325564482562719,False,0.27514219845447824,bad,3,gold psd 10-45
x007,Rest,160.4375,192.4375,18.75,17.64375253406387,1.1062474659361285,1.1062474659361285,True,0.8046553784170098,diag,3,gold psd 10-45
x007,Rest,192.4375,224.4375,13.125,13.48699119225869,0.3619911922586905,-0.3619911922586905,True,0.8554457566516235,diag,3,gold psd 10-45
x007,Rest,224.4375,256.4375,24.375,11.363817353954262,13.011182646045738,13.011182646045738,True,0.7663510224573616,hr,3,gold psd 10-45
x007,Rest,256.4375,288.4375,11.25,15.150706943687702,3.9007069436877018,-3.9007069436877018,True,0.7879249718539385,hr,3,gold psd 10-45
x007,Rest,288.4375,320.4375,16.875,15.64518750093179,1.2298124990682098,1.2298124990682098,True,0.6725744704543447,hr,3,gold psd 10-45
x007,Rest,320.4375,352.4375,13.125,16.906163032405864,3.781163032405864,-3.781163032405864,True,0.678930408491125,hr,3,gold psd 10-45
x007,Rest,352.4375,384.4375,16.875,16.619430198225952,0.25556980177404753,0.25556980177404753,True,0.766995148721677,hr,3,gold psd 10-45
x007,Rest,384.4375,416.4375,15.0,16.948635599120333,1.9486355991203332,-1.9486355991203332,True,0.7688395323161917,hr,3,gold psd 10-45
x007,Rest,416.4375,448.4375,13.125,16.98887068822305,3.8638706882230487,-3.8638706882230487,True,0.7378203549515999,hr,3,gold psd 10-45
x007,Rest,448.4375,480.4375,16.875,19.332623988111354,2.4576239881113544,-2.4576239881113544,True,0.6689518254775946,hr,3,gold psd 10-45
x007,Rest,480.4375,512.4375,18.75,18.604895621392775,0.14510437860722547,0.14510437860722547,True,0.7647044643649649,hr,3,gold psd 10-45
x007,Walking,512.4375,544.4375,22.5,17.716702479606063,4.783297520393937,4.783297520393937,True,0.6053268746348914,hr,3,gold psd 10-45
x007,Walking,544.4375,576.4375,13.125,24.12499639130849,10.999996391308489,-10.999996391308489,True,0.5323060604323292,hr,3,gold psd 10-45
x007,Walking,576.4375,608.4375,11.25,23.878914339842837,12.628914339842837,-12.628914339842837,False,0.48823341561299505,bad,3,gold psd 10-45
x007,Walking,608.4375,640.4375,18.75,22.689104717566245,3.939104717566245,-3.939104717566245,False,0.38487756705280546,bad,3,gold psd 10-45
x007,Walking,640.4375,672.4375,16.875,23.617790727781927,6.742790727781927,-6.742790727781927,False,0.3550827119108571,bad,3,gold psd 10-45
x007,Walking,672.4375,704.4375,24.375,23.10641811425414,1.26858188574586,1.26858188574586,False,0.43151183923004566,bad,3,gold psd 10-45
x007,Walking,704.4375,736.4375,24.375,20.270154058871658,4.1048459411283424,4.1048459411283424,False,0.44045064897602404,bad,3,gold psd 10-45
x007,Walking,736.4375,768.4375,13.125,23.286729237505064,10.161729237505064,-10.161729237505064,False,0.38505425001935806,bad,3,gold psd 10-45
x007,Walking,768.4375,800.4375,13.125,22.507187617377763,9.382187617377763,-9.382187617377763,False,0.3492910635049965,bad,3,gold psd 10-45
x007,Walking,800.4375,832.4375,13.125,24.48173274159653,11.356732741596531,-11.356732741596531,False,0.38671826041593105,bad,3,gold psd 10-45
x007,Walking,832.4375,864.4375,20.625,21.26109561486342,0.6360956148634216,-0.6360956148634216,False,0.46714391959617524,bad,3,gold psd 10-45
x007,Walking,864.4375,896.4375,16.875,22.42845457454402,5.55345457454402,-5.55345457454402,True,0.5326509587400096,hr,3,gold psd 10-45
x007,Walking,896.4375,928.4375,18.75,19.07361565296187,0.32361565296186967,-0.32361565296186967,True,0.5559586583906795,hr,3,gold psd 10-45
x007,Walking,928.4375,960.4375,18.75,17.224269253493475,1.5257307465065253,1.5257307465065253,True,0.6900115293453555,hr,3,gold psd 10-45
x007,Walking,960.4375,992.4375,22.5,16.935875991871885,5.564124008128115,5.564124008128115,True,0.6501326454074592,hr,3,gold psd 10-45
x007,Walking,992.4375,1024.4375,16.875,15.72039702504466,1.1546029749553401,1.1546029749553401,True,0.6026709005212104,hr,3,gold psd 10-45
x007,Walking,1024.4375,1056.4375,22.5,16.31250651472118,6.1874934852788215,6.1874934852788215,True,0.6897536504069429,hr,3,gold psd 10-45
x007,Walking,1056.4375,1088.4375,16.875,14.657841438465194,2.2171585615348057,2.2171585615348057,True,0.7208039957203468,hr,3,gold psd 10-45
x007,Walking,1088.4375,1120.4375,13.125,14.739323097371408,1.6143230973714076,-1.6143230973714076,True,0.7248432914119074,hr,3,gold psd 10-45
x007,2-Back,1120.4375,1152.4375,15.0,13.920831177514787,1.0791688224852134,1.0791688224852134,True,0.6589088783667391,hr,3,gold psd 10-45
x007,2-Back,1152.4375,1184.4375,15.0,16.826639831394537,1.8266398313945373,-1.8266398313945373,True,0.7566410426391605,hr,3,gold psd 10-45
x007,2-Back,1184.4375,1216.4375,15.0,25.974757350002925,10.974757350002925,-10.974757350002925,True,0.7994855375169886,hr,3,gold psd 10-45
x007,2-Back,1216.4375,1248.4375,13.125,15.354815518943235,2.2298155189432354,-2.2298155189432354,True,0.7847262730971416,hr,3,gold psd 10-45
x007,2-Back,1248.4375,1280.4375,15.0,18.648612804587156,3.648612804587156,-3.648612804587156,True,0.7907364374741153,hr,3,gold psd 10-45
x007,2-Back,1280.4375,1312.4375,15.0,18.397201370914186,3.3972013709141855,-3.3972013709141855,True,0.8004375642911912,diag,3,gold psd 10-45
x007,2-Back,1312.4375,1344.4375,16.875,17.906219767077335,1.031219767077335,-1.031219767077335,True,0.8161866383993694,diag,3,gold psd 10-45
x007,2-Back,1344.4375,1376.4375,16.875,19.17083444636005,2.2958344463600504,-2.2958344463600504,True,0.8013011164416167,diag,3,gold psd 10-45
x007,2-Back,1376.4375,1408.4375,13.125,18.720823834883085,5.595823834883085,-5.595823834883085,True,0.7605021143615729,hr,3,gold psd 10-45
x007,2-Back,1408.4375,1440.4375,15.0,16.869463588213875,1.8694635882138755,-1.8694635882138755,True,0.6499216980885584,hr,3,gold psd 10-45
x007,2-Back,1440.4375,1472.4375,33.75,14.426394094366817,19.323605905633183,19.323605905633183,False,0.49160066685764964,bad,3,gold psd 10-45
x007,2-Back,1472.4375,1504.4375,11.25,15.340300978205732,4.0903009782057325,-4.0903009782057325,True,0.7037840679940484,hr,3,gold psd 10-45
x007,2-Back,1504.4375,1536.4375,16.875,15.455580088488182,1.4194199115118185,1.4194199115118185,True,0.6704670686147791,hr,3,gold psd 10-45
x007,Running,1536.4375,1568.4375,11.25,23.46669241734066,12.21669241734066,-12.21669241734066,False,0.4314333241773226,bad,3,gold psd 10-45
x007,Running,1568.4375,1600.4375,28.125,27.274099676773893,0.8509003232261065,0.8509003232261065,False,0.4326724725161974,bad,3,gold psd 10-45
x007,Running,1600.4375,1632.4375,22.5,25.96684465907257,3.4668446590725708,-3.4668446590725708,False,0.34968446884564935,bad,3,gold psd 10-45
x007,Running,1632.4375,1664.4375,28.125,23.540308168939312,4.584691831060688,4.584691831060688,False,,,2,gold psd 10-45
x007,Running,1664.4375,1696.4375,28.125,26.97430263327975,1.1506973667202516,1.1506973667202516,False,0.30531913106548625,bad,3,gold psd 10-45
x007,Running,1696.4375,1728.4375,43.125,25.588196792236133,17.536803207763867,17.536803207763867,False,0.1945173544950216,bad,3,gold psd 10-45
x007,Running,1728.4375,1760.4375,13.125,26.941430957823748,13.816430957823748,-13.816430957823748,False,0.28260463177030903,bad,3,gold psd 10-45
x007,Running,1760.4375,1792.4375,18.75,26.01619269720073,7.266192697200729,-7.266192697200729,False,0.22740579799040683,bad,3,gold psd 10-45
x007,Running,1792.4375,1824.4375,33.75,28.786775792873836,4.963224207126164,4.963224207126164,False,,,2,gold psd 10-45
x007,Running,1824.4375,1839.4609375,35.94383775351014,27.677518125330742,8.266319628179396,8.266319628179396,False,0.37362343874332093,bad,3,gold psd 10-45
x008,Rest,288.125,320.125,11.25,15.259156117235904,4.009156117235904,-4.009156117235904,True,0.9154057585264221,diag,3,gold psd 10-45
x008,Rest,320.125,352.125,18.75,11.580869957996356,7.169130042003644,7.169130042003644,True,0.9247832075641562,diag,3,gold psd 10-45
x008,Rest,352.125,384.125,11.25,9.04045398298401,2.20954601701599,2.20954601701599,True,0.9324599958619971,diag,3,gold psd 10-45
x008,Rest,384.125,416.125,11.25,8.000121951962004,3.2498780480379956,3.2498780480379956,True,0.9305001781312222,diag,3,gold psd 10-45
x008,Rest,416.125,448.125,18.75,15.027416583315851,3.7225834166841487,3.7225834166841487,True,0.9329712751927371,diag,3,gold psd 10-45
x008,Rest,448.125,480.125,13.125,15.996567656696971,2.8715676566969712,-2.8715676566969712,True,0.9324039398848152,diag,3,gold psd 10-45
x008,Rest,480.125,512.125,15.0,13.845701058473733,1.1542989415262674,1.1542989415262674,True,0.9521555649696901,diag,3,gold psd 10-45
x008,Rest,512.125,544.125,20.625,19.689414743474636,0.9355852565253642,0.9355852565253642,True,0.9533043103198879,diag,3,gold psd 10-45
x008,Rest,544.125,576.125,24.375,16.67674564790874,7.698254352091261,7.698254352091261,True,0.9014145261963382,diag,3,gold psd 10-45
x008,Rest,576.125,608.125,22.5,20.179532982702653,2.3204670172973465,2.3204670172973465,True,0.9405361930705454,diag,3,gold psd 10-45
x008,Rest,608.125,640.125,30.0,20.049858414813556,9.950141585186444,9.950141585186444,True,0.8919085524406886,diag,3,gold psd 10-45
x008,Rest,640.125,672.125,24.375,23.46809753972932,0.906902460270679,0.906902460270679,True,0.8928322887768972,diag,3,gold psd 10-45
x008,Walking,672.125,704.125,15.0,18.92901435104132,3.929014351041321,-3.929014351041321,True,0.850394879491478,diag,3,gold psd 10-45
x008,Walking,704.125,736.125,16.875,22.5221245884672,5.6471245884672,-5.6471245884672,True,0.8575935094699831,diag,3,gold psd 10-45
x008,Walking,736.125,768.125,16.875,23.88604924707925,7.011049247079249,-7.011049247079249,True,0.8621482694624754,diag,3,gold psd 10-45
x008,Walking,768.125,800.125,18.75,23.25918374197035,4.50918374197035,-4.50918374197035,True,0.7518129095822029,hr,3,gold psd 10-45
x008,Walking,800.125,832.125,18.75,23.647124470714637,4.897124470714637,-4.897124470714637,True,0.7235103559554219,hr,3,gold psd 10-45
x008,Walking,832.125,864.125,16.875,24.667320935635857,7.792320935635857,-7.792320935635857,True,0.5895337903050144,hr,3,gold psd 10-45
x008,Walking,864.125,896.125,28.125,25.479846006382388,2.645153993617612,2.645153993617612,True,0.6602544715777602,hr,3,gold psd 10-45
x008,Walking,896.125,928.125,20.625,25.500042482837458,4.875042482837458,-4.875042482837458,True,0.5988513870191058,hr,3,gold psd 10-45
x008,Walking,928.125,960.125,26.25,25.32163789920599,0.9283621007940113,0.9283621007940113,False,0.49000362467428993,bad,3,gold psd 10-45
x008,Walking,960.125,992.125,11.25,22.58079556519662,11.33079556519662,-11.33079556519662,True,0.6911976102025895,hr,3,gold psd 10-45
x008,Walking,992.125,1024.125,11.25,23.253838159868433,12.003838159868433,-12.003838159868433,True,0.8809315591311623,diag,3,gold psd 10-45
x008,Walking,1024.125,1056.125,16.875,25.356328413571575,8.481328413571575,-8.481328413571575,True,0.8608078334666162,diag,3,gold psd 10-45
x008,Walking,1056.125,1088.125,11.25,20.203386818586832,8.953386818586832,-8.953386818586832,True,0.8523752165824807,diag,3,gold psd 10-45
x008,Walking,1088.125,1120.125,31.875,21.94941274704199,9.92558725295801,9.92558725295801,True,0.6780861223364685,hr,3,gold psd 10-45
x008,Walking,1120.125,1152.125,13.125,20.623083914932906,7.498083914932906,-7.498083914932906,True,0.8471984026115029,diag,3,gold psd 10-45
x008,Walking,1152.125,1184.125,18.75,21.54040821192622,2.79040821192622,-2.79040821192622,True,0.930484186230217,diag,3,gold psd 10-45
x008,Walking,1184.125,1216.125,11.25,19.062550300105855,7.812550300105855,-7.812550300105855,True,0.9298172368442721,diag,3,gold psd 10-45
x008,Walking,1216.125,1248.125,26.25,20.161859312536244,6.088140687463756,6.088140687463756,True,0.9526265597892166,diag,3,gold psd 10-45
x008,Walking,1248.125,1280.125,30.0,26.678341775019966,3.321658224980034,3.321658224980034,True,0.9373610739351506,diag,3,gold psd 10-45
x008,Walking,1280.125,1312.125,11.25,25.398367175430764,14.148367175430764,-14.148367175430764,True,0.9057186057761232,diag,3,gold psd 10-45
x008,2-Back,1312.125,1344.125,11.25,17.21686039119983,5.96686039119983,-5.96686039119983,True,0.7401202877285992,hr,3,gold psd 10-45
x008,2-Back,1344.125,1376.125,15.0,14.384546798796476,0.6154532012035236,0.6154532012035236,True,0.734916950327837,hr,3,gold psd 10-45
x008,2-Back,1376.125,1408.125,26.25,24.70607836171181,1.5439216382881895,1.5439216382881895,True,0.8056745659446841,diag,3,gold psd 10-45
x008,2-Back,1408.125,1440.125,11.25,22.560661787289717,11.310661787289717,-11.310661787289717,True,0.8538546952505576,diag,3,gold psd 10-45
x008,2-Back,1440.125,1472.125,20.625,26.98202241662619,6.35702241662619,-6.35702241662619,True,0.789718227757609,hr,3,gold psd 10-45
x008,2-Back,1472.125,1504.125,15.0,25.630046413688177,10.630046413688177,-10.630046413688177,True,0.6090383129543602,hr,3,gold psd 10-45
x008,2-Back,1504.125,1536.125,20.625,20.535028218625826,0.0899717813741745,0.0899717813741745,True,0.7470485284164253,hr,3,gold psd 10-45
x008,2-Back,1536.125,1568.125,16.875,22.073569451524342,5.198569451524342,-5.198569451524342,True,0.8183913632225153,diag,3,gold psd 10-45
x008,2-Back,1568.125,1600.125,20.625,27.20772064926004,6.58272064926004,-6.58272064926004,True,0.801099660742658,diag,3,gold psd 10-45
x008,2-Back,1600.125,1632.125,11.25,17.460885152412143,6.210885152412143,-6.210885152412143,True,0.8727300253908425,diag,3,gold psd 10-45
x008,2-Back,1632.125,1664.125,18.75,11.19698105307651,7.5530189469234905,7.5530189469234905,True,0.843059105763507,diag,3,gold psd 10-45
x008,2-Back,1664.125,1696.125,39.375,13.31445268340552,26.06054731659448,26.06054731659448,True,0.6831702790001103,hr,3,gold psd 10-45
x008,2-Back,1696.125,1728.125,20.625,16.312448362861574,4.3125516371384265,4.3125516371384265,False,0.46155687825333985,bad,3,gold psd 10-45
x008,2-Back,1728.125,1760.125,13.125,11.62313537343076,1.5018646265692404,1.5018646265692404,False,0.4082479529682584,bad,3,gold psd 10-45
x008,Running,1760.125,1792.125,20.625,13.025958557792674,7.5990414422073265,7.5990414422073265,False,0.4512066054031966,bad,3,gold psd 10-45
x008,Running,1792.125,1824.125,20.625,22.908158934884426,2.283158934884426,-2.283158934884426,False,0.4626245616387202,bad,3,gold psd 10-45
x008,Running,1824.125,1856.125,22.5,22.823233583739224,0.3232335837392242,-0.3232335837392242,False,0.37521703832950043,bad,3,gold psd 10-45
x008,Running,1856.125,1888.125,16.875,18.79797120013677,1.9229712001367716,-1.9229712001367716,False,0.48822846050010354,bad,3,gold psd 10-45
x008,Running,1888.125,1920.125,16.875,16.18734341268941,0.6876565873105918,0.6876565873105918,True,0.5978565127099359,hr,3,gold psd 10-45
x008,Running,1920.125,1952.125,16.875,16.88605882759623,0.011058827596230003,-0.011058827596230003,True,0.5655866235008831,hr,3,gold psd 10-45
x008,Running,1952.125,1984.125,16.875,16.551375877398076,0.32362412260192386,0.32362412260192386,True,0.527484365131959,hr,3,gold psd 10-45
x008,Running,1984.125,2016.125,16.875,16.031049511188332,0.843950488811668,0.843950488811668,True,0.657129306357344,hr,3,gold psd 10-45
x008,Running,2016.125,2048.125,16.875,15.999786126288855,0.8752138737111448,0.8752138737111448,True,0.8409274719214599,diag,3,gold psd 10-45
x008,Running,2048.125,2080.125,16.875,16.354679132039415,0.5203208679605851,0.5203208679605851,True,0.8023231033104068,diag,3,gold psd 10-45
x008,Running,2080.125,2112.01953125,16.93080220453154,17.21944344405929,0.28864123952775245,-0.28864123952775245,True,0.681670520425232,hr,3,gold psd 10-45
x009,Rest,96.484375,128.484375,15.0,15.896878410979891,0.8968784109798911,-0.8968784109798911,True,0.9618924490384307,diag,3,gold psd 10-45
x009,Rest,128.484375,160.484375,13.125,9.867196314305838,3.257803685694162,3.257803685694162,True,0.9576768632050956,diag,3,gold psd 10-45
x009,Rest,160.484375,192.484375,15.0,6.591530046664708,8.408469953335292,8.408469953335292,True,0.964939351883467,diag,3,gold psd 10-45
x009,Rest,192.484375,224.484375,22.5,6.0,16.5,16.5,True,0.9600414933175665,diag,3,gold psd 10-45
x009,Rest,224.484375,256.484375,11.25,5.7791572021536535,5.4708427978463465,5.4708427978463465,True,0.9698656285125179,diag,3,gold psd 10-45
x009,Rest,256.484375,288.484375,13.125,5.000213629566332,8.124786370433668,8.124786370433668,True,0.9630669974376428,diag,3,gold psd 10-45
x009,Rest,288.484375,320.484375,16.875,5.000213629566332,11.874786370433668,11.874786370433668,True,0.9670793314421999,diag,3,gold psd 10-45
x009,Rest,320.484375,352.484375,20.625,5.000213629566332,15.624786370433668,15.624786370433668,True,0.968569900281997,diag,3,gold psd 10-45
x009,Rest,352.484375,384.484375,39.375,5.005257863821165,34.369742136178836,34.369742136178836,True,0.9615367532241248,diag,3,gold psd 10-45
x009,Rest,384.484375,416.484375,15.0,5.528432707938341,9.471567292061659,9.471567292061659,True,0.962315462562778,diag,3,gold psd 10-45
x009,Rest,416.484375,448.484375,18.75,5.591697257697341,13.15830274230266,13.15830274230266,True,0.9675563221941086,diag,3,gold psd 10-45
x009,Rest,448.484375,480.484375,20.625,5.000213629566332,15.624786370433668,15.624786370433668,True,0.9551687533372766,diag,3,gold psd 10-45
x009,Rest,480.484375,512.484375,26.25,7.173363626729064,19.076636373270937,19.076636373270937,True,0.9774301892842734,diag,3,gold psd 10-45
x009,Walking,512.484375,544.484375,11.25,21.02572285652772,9.775722856527722,-9.775722856527722,True,0.9555784548073093,diag,3,gold psd 10-45
x009,Walking,544.484375,576.484375,24.375,22.840340115376662,1.5346598846233377,1.5346598846233377,True,0.9306061852742326,diag,3,gold psd 10-45
x009,Walking,576.484375,608.484375,22.5,24.095125918356786,1.5951259183567856,-1.5951259183567856,True,0.9325640269747515,diag,3,gold psd 10-45
x009,Walking,608.484375,640.484375,11.25,24.721017623604737,13.471017623604737,-13.471017623604737,True,0.9446298570802251,diag,3,gold psd 10-45
x009,Walking,640.484375,672.484375,24.375,24.312573748097364,0.062426251902635954,0.062426251902635954,True,0.9216126554116989,diag,3,gold psd 10-45
x009,Walking,672.484375,704.484375,24.375,24.81053279297293,0.43553279297292846,-0.43553279297292846,True,0.9446946933933548,diag,3,gold psd 10-45
x009,Walking,704.484375,736.484375,13.125,23.965979126472046,10.840979126472046,-10.840979126472046,True,0.9244262528138943,diag,3,gold psd 10-45
x009,Walking,736.484375,768.484375,26.25,24.88023178599325,1.3697682140067506,1.3697682140067506,True,0.9161874651669369,diag,3,gold psd 10-45
x009,Walking,768.484375,800.484375,24.375,24.529215720799513,0.15421572079951318,-0.15421572079951318,True,0.9155079038042477,diag,3,gold psd 10-45
x009,Walking,800.484375,832.484375,18.75,23.522795881121827,4.7727958811218265,-4.7727958811218265,True,0.9182595755603704,diag,3,gold psd 10-45
x009,Walking,832.484375,864.484375,35.625,19.60845476560831,16.01654523439169,16.01654523439169,True,0.9589953956156357,diag,3,gold psd 10-45
x009,Walking,864.484375,896.484375,11.25,13.472328086613437,2.2223280866134374,-2.2223280866134374,True,0.9719623579622905,diag,3,gold psd 10-45
x009,Walking,896.484375,928.484375,15.0,15.924024908289494,0.9240249082894945,-0.9240249082894945,True,0.922401765788714,diag,3,gold psd 10-45
x009,Walking,928.484375,960.484375,13.125,19.298878559519203,6.173878559519203,-6.173878559519203,True,0.9730367755078473,diag,3,gold psd 10-45
x009,Walking,960.484375,992.484375,16.875,16.43237815812927,0.4426218418707286,0.4426218418707286,True,0.9677893999398116,diag,3,gold psd 10-45
x009,Walking,992.484375,1024.484375,18.75,16.632033763902612,2.117966236097388,2.117966236097388,True,0.9710972384193493,diag,3,gold psd 10-45
x009,Walking,1024.484375,1056.484375,11.25,16.961476215769203,5.711476215769203,-5.711476215769203,True,0.9698647539968035,diag,3,gold psd 10-45
x009,Walking,1056.484375,1088.484375,16.875,19.713869534504514,2.8388695345045143,-2.8388695345045143,True,0.9722560214307687,diag,3,gold psd 10-45
x009,Walking,1088.484375,1120.484375,13.125,23.306944536006597,10.181944536006597,-10.181944536006597,True,0.9738310183089895,diag,3,gold psd 10-45
x009,Walking,1120.484375,1152.484375,20.625,22.424719465158354,1.7997194651583541,-1.7997194651583541,True,0.9467440675820222,diag,3,gold psd 10-45
x009,2-Back,1152.484375,1184.484375,13.125,14.087887495660649,0.9628874956606488,-0.9628874956606488,True,0.9605721263932748,diag,3,gold psd 10-45
x009,2-Back,1184.484375,1216.484375,13.125,13.621390150592156,0.4963901505921555,-0.4963901505921555,True,0.9693849241787436,diag,3,gold psd 10-45
x009,2-Back,1216.484375,1248.484375,22.5,22.252940327253796,0.24705967274620377,0.24705967274620377,True,0.9807668714816135,diag,3,gold psd 10-45
x009,2-Back,1248.484375,1280.484375,22.5,25.468210814829902,2.9682108148299022,-2.9682108148299022,True,0.9741832830068788,diag,3,gold psd 10-45
x009,2-Back,1280.484375,1312.484375,26.25,27.117086005093732,0.8670860050937321,-0.8670860050937321,True,0.9744907692723421,diag,3,gold psd 10-45
x009,2-Back,1312.484375,1344.484375,16.875,28.542023585204824,11.667023585204824,-11.667023585204824,True,0.9752719735293476,diag,3,gold psd 10-45
x009,2-Back,1344.484375,1376.484375,28.125,30.28134377586921,2.1563437758692103,-2.1563437758692103,True,0.9664578637449402,diag,3,gold psd 10-45
x009,2-Back,1376.484375,1408.484375,15.0,24.86087723935524,9.86087723935524,-9.86087723935524,True,0.9724462181532201,diag,3,gold psd 10-45
x009,2-Back,1408.484375,1440.484375,15.0,27.632823400532075,12.632823400532075,-12.632823400532075,True,0.9697267826384159,diag,3,gold psd 10-45
x009,2-Back,1440.484375,1472.484375,11.25,22.14132169525075,10.891321695250749,-10.891321695250749,True,0.9660015108827504,diag,3,gold psd 10-45
x009,2-Back,1472.484375,1504.484375,24.375,19.7499535814663,4.6250464185336995,4.6250464185336995,True,0.9455863989686879,diag,3,gold psd 10-45
x009,2-Back,1504.484375,1536.484375,11.25,22.171311510294277,10.921311510294277,-10.921311510294277,True,0.9528425502332267,diag,3,gold psd 10-45
x009,2-Back,1536.484375,1568.484375,16.875,19.482924864144948,2.607924864144948,-2.607924864144948,True,0.9017105856393812,diag,3,gold psd 10-45
x009,2-Back,1568.484375,1600.484375,13.125,19.058192985940504,5.933192985940504,-5.933192985940504,True,0.9724684314959748,diag,3,gold psd 10-45
x009,Running,1600.484375,1632.484375,16.875,19.85869134366321,2.98369134366321,-2.98369134366321,True,0.913967013865998,diag,3,gold psd 10-45
x009,Running,1632.484375,1664.484375,26.25,24.03135013885922,2.2186498611407792,2.2186498611407792,True,0.9204764144864569,diag,3,gold psd 10-45
x009,Running,1664.484375,1696.484375,30.0,28.106637662558754,1.8933623374412463,1.8933623374412463,True,0.9411241885860471,diag,3,gold psd 10-45
x009,Running,1696.484375,1728.484375,16.875,31.50225395882291,14.627253958822909,-14.627253958822909,True,0.9373543279247291,diag,3,gold psd 10-45
x009,Running,1728.484375,1760.484375,35.625,29.06041961519975,6.5645803848002515,6.5645803848002515,True,0.940789833226554,diag,3,gold psd 10-45
x009,Running,1760.484375,1792.484375,30.0,30.271995656894234,0.27199565689423366,-0.27199565689423366,True,0.945241302090562,diag,3,gold psd 10-45
x009,Running,1792.484375,1824.484375,11.25,27.846731373754945,16.596731373754945,-16.596731373754945,True,0.9601662396255802,diag,3,gold psd 10-45
x009,Running,1824.484375,1856.484375,28.125,27.62944053253846,0.4955594674615398,0.4955594674615398,True,0.9443531170569534,diag,3,gold psd 10-45
x009,Running,1856.484375,1888.484375,37.5,28.374281868774702,9.125718131225298,9.125718131225298,True,0.9269937811460957,diag,3,gold psd 10-45
x009,Running,1888.484375,1914.82421875,22.779178407237133,29.88793657631865,7.1087581690815185,-7.1087581690815185,True,0.9130297804943027,diag,3,gold psd 10-45
x010,Rest,128.27734375,160.27734375,11.25,11.84018106894331,0.5901810689433091,-0.5901810689433091,True,0.9856859151570367,diag,3,gold psd 10-45
x010,Rest,160.27734375,192.27734375,13.125,11.071781737342423,2.053218262657577,2.053218262657577,True,0.9885355457136412,diag,3,gold psd 10-45
x010,Rest,192.27734375,224.27734375,24.375,10.999984673604635,13.375015326395365,13.375015326395365,True,0.9896617454654608,diag,3,gold psd 10-45
x010,Rest,224.27734375,256.27734375,15.0,11.8918917305521,3.1081082694479,3.1081082694479,True,0.9757412568797544,diag,3,gold psd 10-45
x010,Rest,256.27734375,288.27734375,15.0,14.306768849902635,0.6932311500973647,0.6932311500973647,True,0.9741656404425024,diag,3,gold psd 10-45
x010,Rest,288.27734375,320.27734375,22.5,14.880874481957154,7.619125518042846,7.619125518042846,True,0.9888494237128307,diag,3,gold psd 10-45
x010,Rest,320.27734375,352.27734375,15.0,13.414705884799194,1.5852941152008064,1.5852941152008064,True,0.9912304673261928,diag,3,gold psd 10-45
x010,Rest,352.27734375,384.27734375,18.75,16.15893983863425,2.59106016136575,2.59106016136575,True,0.9897789873803152,diag,3,gold psd 10-45
x010,Rest,384.27734375,416.27734375,13.125,15.18566491859712,2.0606649185971193,-2.0606649185971193,True,0.9904551221917192,diag,3,gold psd 10-45
x010,Rest,416.27734375,448.27734375,11.25,13.610716887537185,2.360716887537185,-2.360716887537185,True,0.9734001027366341,diag,3,gold psd 10-45
x010,Rest,448.27734375,480.27734375,16.875,14.880024832800027,1.9949751671999731,1.9949751671999731,True,0.972866217452043,diag,3,gold psd 10-45
x010,Rest,480.27734375,512.27734375,24.375,13.043149138271236,11.331850861728764,11.331850861728764,True,0.9252715531175638,diag,3,gold psd 10-45
x010,Walking,512.27734375,544.27734375,15.0,24.35762988327616,9.35762988327616,-9.35762988327616,True,0.9023418061264424,diag,3,gold psd 10-45
x010,Walking,544.27734375,576.27734375,13.125,27.990681951145124,14.865681951145124,-14.865681951145124,True,0.9200699470453422,diag,3,gold psd 10-45
x010,Walking,576.27734375,608.27734375,11.25,25.553962199727927,14.303962199727927,-14.303962199727927,True,0.9352478730913126,diag,3,gold psd 10-45
x010,Walking,608.27734375,640.27734375,20.625,26.68165102180076,6.056651021800761,-6.056651021800761,True,0.9340409207686488,diag,3,gold psd 10-45
x010,Walking,640.27734375,672.27734375,11.25,28.999982166440553,17.749982166440553,-17.749982166440553,True,0.9394976478641347,diag,3,gold psd 10-45
x010,Walking,672.27734375,704.27734375,28.125,28.062428269292784,0.06257173070721578,0.06257173070721578,True,0.9338355535688247,diag,3,gold psd 10-45
x010,Walking,704.27734375,736.27734375,26.25,25.710214258922615,0.5397857410773845,0.5397857410773845,True,0.9220930408295412,diag,3,gold psd 10-45
x010,Walking,736.27734375,768.27734375,33.75,26.954477419766807,6.795522580233193,6.795522580233193,True,0.9670607286474316,diag,3,gold psd 10-45
x010,Walking,768.27734375,800.27734375,18.75,27.679789168694256,8.929789168694256,-8.929789168694256,True,0.9163769652646319,diag,3,gold psd 10-45
x010,Walking,800.27734375,832.27734375,28.125,23.346077549521148,4.778922450478852,4.778922450478852,True,0.8555258875371682,diag,3,gold psd 10-45
x010,Walking,832.27734375,864.27734375,22.5,23.08789922573881,0.5878992257388092,-0.5878992257388092,True,0.9646936218876981,diag,3,gold psd 10-45
x010,Walking,864.27734375,896.27734375,11.25,23.02010115590891,11.770101155908911,-11.770101155908911,True,0.908912993996262,diag,3,gold psd 10-45
x010,Walking,896.27734375,928.27734375,13.125,19.860775215292982,6.735775215292982,-6.735775215292982,True,0.8068978339822758,diag,3,gold psd 10-45
x010,Walking,928.27734375,960.27734375,18.75,22.271945945139326,3.5219459451393256,-3.5219459451393256,True,0.7919833905920287,hr,3,gold psd 10-45
x010,Walking,960.27734375,992.27734375,15.0,16.11471794868664,1.1147179486866392,-1.1147179486866392,True,0.9278852138177991,diag,3,gold psd 10-45
x010,Walking,992.27734375,1024.27734375,16.875,10.30137647128954,6.57362352871046,6.57362352871046,True,0.9700917082775313,diag,3,gold psd 10-45
x010,Walking,1024.27734375,1056.27734375,13.125,15.746879661971718,2.621879661971718,-2.621879661971718,True,0.9762623166564011,diag,3,gold psd 10-45
x010,Walking,1056.27734375,1088.27734375,22.5,21.83398097455259,0.6660190254474117,0.6660190254474117,True,0.9472650933842484,diag,3,gold psd 10-45
x010,Walking,1088.27734375,1120.27734375,11.25,24.31643487473744,13.066434874737439,-13.066434874737439,True,0.9462769032058624,diag,3,gold psd 10-45
x010,Walking,1120.27734375,1152.27734375,13.125,18.184034598315908,5.0590345983159075,-5.0590345983159075,True,0.9066781890044717,diag,3,gold psd 10-45
x010,Walking,1152.27734375,1184.27734375,11.25,18.54904828188108,7.299048281881081,-7.299048281881081,True,0.6705087254472403,hr,3,gold psd 10-45
x010,2-Back,1184.27734375,1216.27734375,13.125,15.491562252851578,2.366562252851578,-2.366562252851578,True,0.9376318762592855,diag,3,gold psd 10-45
x010,2-Back,1216.27734375,1248.27734375,22.5,17.33793637517211,5.162063624827891,5.162063624827891,True,0.880014954430149,diag,3,gold psd 10-45
x010,2-Back,1248.27734375,1280.27734375,13.125,23.227211662614632,10.102211662614632,-10.102211662614632,True,0.9001889614703098,diag,3,gold psd 10-45
x010,2-Back,1280.27734375,1312.27734375,24.375,22.272789458556126,2.102210541443874,2.102210541443874,True,0.9743399211827688,diag,3,gold psd 10-45
x010,2-Back,1312.27734375,1344.27734375,26.25,24.50539671652116,1.7446032834788383,1.7446032834788383,True,0.9689546210697382,diag,3,gold psd 10-45
x010,2-Back,1344.27734375,1376.27734375,31.875,26.961076961716422,4.913923038283578,4.913923038283578,True,0.9689659496634464,diag,3,gold psd 10-45
x010,2-Back,1376.27734375,1408.27734375,30.0,28.740742963096206,1.2592570369037936,1.2592570369037936,True,0.9639505900173819,diag,3,gold psd 10-45
x010,2-Back,1408.27734375,1440.27734375,18.75,23.19064541634804,4.44064541634804,-4.44064541634804,True,0.9693742951245322,diag,3,gold psd 10-45
x010,2-Back,1440.27734375,1472.27734375,13.125,19.84109417436953,6.71609417436953,-6.71609417436953,True,0.9303207745587182,diag,3,gold psd 10-45
x010,2-Back,1472.27734375,1504.27734375,15.0,15.274648392176795,0.27464839217679504,-0.27464839217679504,True,0.9286135587034483,diag,3,gold psd 10-45
x010,2-Back,1504.27734375,1536.27734375,31.875,16.671322689060773,15.203677310939227,15.203677310939227,True,0.9559698115585725,diag,3,gold psd 10-45
x010,2-Back,1536.27734375,1568.27734375,16.875,15.923232708251932,0.9517672917480677,0.9517672917480677,True,0.9720408895600745,diag,3,gold psd 10-45
x010,2-Back,1568.27734375,1600.27734375,15.0,19.734871030710153,4.734871030710153,-4.734871030710153,True,0.9427562970233258,diag,3,gold psd 10-45
x010,2-Back,1600.27734375,1632.27734375,11.25,16.498124922099837,5.248124922099837,-5.248124922099837,True,0.9793981823540129,diag,3,gold psd 10-45
x010,Running,1632.27734375,1664.27734375,13.125,26.81711730505451,13.69211730505451,-13.69211730505451,True,0.9517238366923968,diag,3,gold psd 10-45
x010,Running,1664.27734375,1696.27734375,30.0,24.0119331196508,5.988066880349201,5.988066880349201,True,0.9235857691668232,diag,3,gold psd 10-45
x010,Running,1696.27734375,1728.27734375,30.0,30.031308381911256,0.03130838191125562,-0.03130838191125562,True,0.9388324324505376,diag,3,gold psd 10-45
x010,Running,1728.27734375,1760.27734375,16.875,33.0111232811082,16.136123281108198,-16.136123281108198,True,0.9325191880125446,diag,3,gold psd 10-45
x010,Running,1760.27734375,1792.27734375,33.75,33.437436329925504,0.31256367007449626,0.31256367007449626,True,0.9412358429669294,diag,3,gold psd 10-45
x010,Running,1792.27734375,1824.27734375,13.125,32.093748828053485,18.968748828053485,-18.968748828053485,True,0.9380185580672665,diag,3,gold psd 10-45
x010,Running,1824.27734375,1856.27734375,15.0,33.403523590180725,18.403523590180725,-18.403523590180725,True,0.9529025863762465,diag,3,gold psd 10-45
x010,Running,1856.27734375,1888.27734375,15.0,30.548218402843762,15.548218402843762,-15.548218402843762,True,0.9422140194273481,diag,3,gold psd 10-45
x010,Running,1888.27734375,1920.27734375,37.5,32.25000848148416,5.2499915185158414,5.2499915185158414,True,0.8916160788869615,diag,3,gold psd 10-45
x010,Running,1920.27734375,1947.0625,35.84074668222255,33.7467684159485,2.09397826627405,2.09397826627405,True,0.9046523618903671,diag,3,gold psd 10-45
x011,Rest,64.2421875,96.2421875,43.125,16.269402872578546,26.855597127421454,26.855597127421454,True,0.9808330524992152,diag,3,gold psd 10-45
x011,Rest,96.2421875,128.2421875,18.75,14.928831037073788,3.8211689629262118,3.8211689629262118,True,0.9803806823883523,diag,3,gold psd 10-45
x011,Rest,128.2421875,160.2421875,24.375,15.352311194439622,9.022688805560378,9.022688805560378,True,0.9776937163370877,diag,3,gold psd 10-45
x011,Rest,160.2421875,192.2421875,11.25,14.843634214444029,3.5936342144440285,-3.5936342144440285,True,0.9750878769209179,diag,3,gold psd 10-45
x011,Rest,192.2421875,224.2421875,15.0,16.204675356673157,1.2046753566731567,-1.2046753566731567,True,0.9841254598058763,diag,3,gold psd 10-45
x011,Rest,224.2421875,256.2421875,11.25,15.192881077832691,3.9428810778326913,-3.9428810778326913,True,0.9813149142865757,diag,3,gold psd 10-45
x011,Rest,256.2421875,288.2421875,11.25,15.173384958392305,3.9233849583923046,-3.9233849583923046,True,0.9817011905701563,diag,3,gold psd 10-45
x011,Rest,288.2421875,320.2421875,15.0,15.647561232826186,0.6475612328261864,-0.6475612328261864,True,0.9844498136844884,diag,3,gold psd 10-45
x011,Rest,320.2421875,352.2421875,31.875,16.673462983253444,15.201537016746556,15.201537016746556,True,0.9814626863594023,diag,3,gold psd 10-45
x011,Rest,352.2421875,384.2421875,30.0,20.399245324051734,9.600754675948266,9.600754675948266,True,0.9762595480260217,diag,3,gold psd 10-45
x011,Rest,384.2421875,416.2421875,15.0,21.563314894868505,6.563314894868505,-6.563314894868505,True,0.97650428180254,diag,3,gold psd 10-45
x011,Rest,416.2421875,448.2421875,11.25,18.72495537562086,7.474955375620858,-7.474955375620858,True,0.9495622839559344,diag,3,gold psd 10-45
x011,Rest,448.2421875,480.2421875,26.25,16.54064014898278,9.709359851017219,9.709359851017219,True,0.9645280595682924,diag,3,gold psd 10-45
x011,Walking,480.2421875,512.2421875,16.875,23.916467218471517,7.041467218471517,-7.041467218471517,True,0.884250826708829,diag,3,gold psd 10-45
x011,Walking,512.2421875,544.2421875,16.875,23.236756494303055,6.361756494303055,-6.361756494303055,True,0.8776314158864517,diag,3,gold psd 10-45
x011,Walking,544.2421875,576.2421875,41.25,26.486774346438963,14.763225653561037,14.763225653561037,True,0.9045929211120486,diag,3,gold psd 10-45
x011,Walking,576.2421875,608.2421875,20.625,26.919503005477114,6.2945030054771145,-6.2945030054771145,True,0.9260206792940426,diag,3,gold psd 10-45
x011,Walking,608.2421875,640.2421875,31.875,27.57578015622139,4.299219843778609,4.299219843778609,True,0.9334074103137854,diag,3,gold psd 10-45
x011,Walking,640.2421875,672.2421875,20.625,25.63759667125319,5.012596671253188,-5.012596671253188,True,0.9431414464944656,diag,3,gold psd 10-45
x011,Walking,672.2421875,704.2421875,33.75,26.49146820644865,7.258531793551349,7.258531793551349,True,0.9295416650966776,diag,3,gold psd 10-45
x011,Walking,704.2421875,736.2421875,26.25,26.576561276577326,0.32656127657732625,-0.32656127657732625,True,0.9526312968269718,diag,3,gold psd 10-45
x011,Walking,736.2421875,768.2421875,11.25,24.540743968541136,13.290743968541136,-13.290743968541136,True,0.953236198303869,diag,3,gold psd 10-45
x011,Walking,768.2421875,800.2421875,15.0,23.121004168935688,8.121004168935688,-8.121004168935688,True,0.9699576387184992,diag,3,gold psd 10-45
x011,Walking,800.2421875,832.2421875,20.625,23.29845335680954,2.6734533568095387,-2.6734533568095387,True,0.9769944354789172,diag,3,gold psd 10-45
x011,Walking,832.2421875,864.2421875,16.875,20.774935365730954,3.899935365730954,-3.899935365730954,True,0.9505805374222562,diag,3,gold psd 10-45
x011,Walking,864.2421875,896.2421875,28.125,14.682863921006176,13.442136078993824,13.442136078993824,True,0.9607962948363076,diag,3,gold psd 10-45
x011,Walking,896.2421875,928.2421875,20.625,19.820305809174435,0.8046941908255647,0.8046941908255647,True,0.9688002794394096,diag,3,gold psd 10-45
x011,Walking,928.2421875,960.2421875,11.25,17.184309228737657,5.934309228737657,-5.934309228737657,True,0.9750321614587373,diag,3,gold psd 10-45
x011,Walking,960.2421875,992.2421875,24.375,20.21505255889357,4.159947441106429,4.159947441106429,True,0.9750683244382127,diag,3,gold psd 10-45
x011,Walking,992.2421875,1024.2421875,11.25,25.654564321752353,14.404564321752353,-14.404564321752353,True,0.9797024590071003,diag,3,gold psd 10-45
x011,Walking,1024.2421875,1056.2421875,15.0,19.567929321814347,4.567929321814347,-4.567929321814347,True,0.9689633603637307,diag,3,gold psd 10-45
x011,Walking,1056.2421875,1088.2421875,15.0,18.21645371313698,3.2164537131369784,-3.2164537131369784,True,0.9735957034244577,diag,3,gold psd 10-45
x011,Walking,1088.2421875,1120.2421875,35.625,21.72022961870222,13.90477038129778,13.90477038129778,True,0.9686308225351452,diag,3,gold psd 10-45
x011,2-Back,1120.2421875,1152.2421875,13.125,14.166414965955173,1.0414149659551732,-1.0414149659551732,True,0.9794886109758288,diag,3,gold psd 10-45
x011,2-Back,1152.2421875,1184.2421875,22.5,18.815646945609817,3.684353054390183,3.684353054390183,True,0.9808959446576602,diag,3,gold psd 10-45
x011,2-Back,1184.2421875,1216.2421875,35.625,24.38598617910884,11.23901382089116,11.23901382089116,True,0.9834868970121367,diag,3,gold psd 10-45
x011,2-Back,1216.2421875,1248.2421875,30.0,29.97194062969699,0.028059370303008535,0.028059370303008535,True,0.9860010595861322,diag,3,gold psd 10-45
x011,2-Back,1248.2421875,1280.2421875,18.75,30.49065131476362,11.740651314763621,-11.740651314763621,True,0.9834427465198414,diag,3,gold psd 10-45
x011,2-Back,1280.2421875,1312.2421875,28.125,27.648447178599564,0.47655282140043553,0.47655282140043553,True,0.9807595497333818,diag,3,gold psd 10-45
x011,2-Back,1312.2421875,1344.2421875,22.5,24.96332306244421,2.4633230624442106,-2.4633230624442106,True,0.9787059565407807,diag,3,gold psd 10-45
x011,2-Back,1344.2421875,1376.2421875,13.125,29.35775212461279,16.23275212461279,-16.23275212461279,True,0.9825245965508231,diag,3,gold psd 10-45
x011,2-Back,1376.2421875,1408.2421875,30.0,29.82970124078007,0.17029875921992854,0.17029875921992854,True,0.9827994022487085,diag,3,gold psd 10-45
x011,2-Back,1408.2421875,1440.2421875,24.375,28.524152151697976,4.149152151697976,-4.149152151697976,True,0.9776938587017588,diag,3,gold psd 10-45
x011,2-Back,1440.2421875,1472.2421875,24.375,16.41007494678335,7.96492505321665,7.96492505321665,True,0.9701486948942871,diag,3,gold psd 10-45
x011,2-Back,1472.2421875,1504.2421875,26.25,18.061710676304475,8.188289323695525,8.188289323695525,True,0.964929981029795,diag,3,gold psd 10-45
x011,2-Back,1504.2421875,1536.2421875,26.25,15.428872828655734,10.821127171344266,10.821127171344266,True,0.956038200611389,diag,3,gold psd 10-45
x011,2-Back,1536.2421875,1568.2421875,13.125,16.72270786919767,3.59770786919767,-3.59770786919767,True,0.9557263671149663,diag,3,gold psd 10-45
x011,Running,1568.2421875,1600.2421875,13.125,26.0313891587406,12.906389158740598,-12.906389158740598,True,0.91969932195138,diag,3,gold psd 10-45
x011,Running,1600.2421875,1632.2421875,13.125,27.72417018712376,14.599170187123761,-14.599170187123761,True,0.9136302880386963,diag,3,gold psd 10-45
x011,Running,1632.2421875,1664.2421875,45.0,25.536693470898694,19.463306529101306,19.463306529101306,True,0.8949634785213655,diag,3,gold psd 10-45
x011,Running,1664.2421875,1696.2421875,13.125,25.51178690999138,12.386786909991379,-12.386786909991379,True,0.9087481895288487,diag,3,gold psd 10-45
x011,Running,1696.2421875,1728.2421875,31.875,26.0366816166632,5.8383183833368015,5.8383183833368015,True,0.9134243845780236,diag,3,gold psd 10-45
x011,Running,1728.2421875,1760.2421875,22.5,26.758646617953083,4.258646617953083,-4.258646617953083,True,0.9181927145957105,diag,3,gold psd 10-45
x011,Running,1760.2421875,1792.2421875,18.75,26.06254158295932,7.312541582959319,-7.312541582959319,True,0.9037307370676562,diag,3,gold psd 10-45
x011,Running,1792.2421875,1824.2421875,28.125,27.928909114090583,0.1960908859094168,0.1960908859094168,True,0.9008708590028663,diag,3,gold psd 10-45
x011,Running,1824.2421875,1856.2421875,45.0,26.838311923486277,18.161688076513723,18.161688076513723,True,0.9111290051155886,diag,3,gold psd 10-45
x012,Rest,64.48046875,96.48046875,11.25,5.165591149175615,6.084408850824385,6.084408850824385,True,0.9835221321321261,diag,3,gold psd 10-45
x012,Rest,96.48046875,128.48046875,15.0,11.504617901675932,3.495382098324068,3.495382098324068,True,0.9815761065639231,diag,3,gold psd 10-45
x012,Rest,128.48046875,160.48046875,18.75,16.83324493593504,1.9167550640649615,1.9167550640649615,True,0.9789193118272724,diag,3,gold psd 10-45
x012,Rest,160.48046875,192.48046875,18.75,15.191039805190021,3.5589601948099787,3.5589601948099787,True,0.9761960235662921,diag,3,gold psd 10-45
x012,Rest,192.48046875,224.48046875,30.0,15.746631904908966,14.253368095091034,14.253368095091034,True,0.9833083100599179,diag,3,gold psd 10-45
x012,Rest,224.48046875,256.48046875,13.125,14.913174287722265,1.7881742877222653,-1.7881742877222653,True,0.9861363520751205,diag,3,gold psd 10-45
x012,Rest,256.48046875,288.48046875,20.625,16.121560200767803,4.503439799232197,4.503439799232197,True,0.9807458594621165,diag,3,gold psd 10-45
x012,Rest,288.48046875,320.48046875,20.625,16.81588359775476,3.809116402245241,3.809116402245241,True,0.9817599552764252,diag,3,gold psd 10-45
x012,Rest,320.48046875,352.48046875,22.5,16.343769091556993,6.156230908443007,6.156230908443007,True,0.9768324980397085,diag,3,gold psd 10-45
x012,Rest,352.48046875,384.48046875,11.25,19.355192287501346,8.105192287501346,-8.105192287501346,True,0.9691464089347892,diag,3,gold psd 10-45
x012,Rest,384.48046875,416.48046875,11.25,12.898146982875335,1.6481469828753355,-1.6481469828753355,True,0.9703846929297826,diag,3,gold psd 10-45
x012,Walking,416.48046875,448.48046875,33.75,7.809044532073258,25.94095546792674,25.94095546792674,True,0.9377856460115603,diag,3,gold psd 10-45
x012,Walking,448.48046875,480.48046875,18.75,15.454916728690922,3.2950832713090783,3.2950832713090783,True,0.9449482028256176,diag,3,gold psd 10-45
x012,Walking,480.48046875,512.48046875,11.25,16.85067088007139,5.600670880071391,-5.600670880071391,True,0.9365427881547889,diag,3,gold psd 10-45
x012,Walking,512.48046875,544.48046875,22.5,15.916681695639806,6.583318304360194,6.583318304360194,True,0.9247231565090117,diag,3,gold psd 10-45
x012,Walking,544.48046875,576.48046875,24.375,17.78817228411655,6.586827715883452,6.586827715883452,True,0.9290217438575978,diag,3,gold psd 10-45
x012,Walking,576.48046875,608.48046875,18.75,18.366881810198965,0.38311818980103496,0.38311818980103496,True,0.9169212056746988,diag,3,gold psd 10-45
x012,Walking,608.48046875,640.48046875,13.125,17.094823540361535,3.969823540361535,-3.969823540361535,True,0.9058694071734383,diag,3,gold psd 10-45
x012,Walking,640.48046875,672.48046875,11.25,17.399174150680544,6.149174150680544,-6.149174150680544,True,0.8991583555796105,diag,3,gold psd 10-45
x012,Walking,672.48046875,704.48046875,15.0,16.125048652303896,1.1250486523038958,-1.1250486523038958,True,0.9243939762770386,diag,3,gold psd 10-45
x012,Walking,704.48046875,736.48046875,37.5,18.361149220001465,19.138850779998535,19.138850779998535,True,0.857704628506849,diag,3,gold psd 10-45
x012,Walking,736.48046875,768.48046875,16.875,19.686401797708413,2.811401797708413,-2.811401797708413,True,0.8767268347911529,diag,3,gold psd 10-45
x012,Walking,768.48046875,800.48046875,13.125,15.994107882615035,2.869107882615035,-2.869107882615035,True,0.9523899514001665,diag,3,gold psd 10-45
x012,Walking,800.48046875,832.48046875,18.75,10.177096985083226,8.572903014916774,8.572903014916774,True,0.9781025744994265,diag,3,gold psd 10-45
x012,Walking,832.48046875,864.48046875,24.375,18.116959341062717,6.258040658937283,6.258040658937283,True,0.8622580645384268,diag,3,gold psd 10-45
x012,Walking,864.48046875,896.48046875,18.75,18.563568701440246,0.1864312985597536,0.1864312985597536,True,0.8809381068157375,diag,3,gold psd 10-45
x012,Walking,896.48046875,928.48046875,15.0,15.988533350132808,0.9885333501328084,-0.9885333501328084,True,0.9052488162005149,diag,3,gold psd 10-45
x012,Walking,928.48046875,960.48046875,22.5,24.021964955241646,1.5219649552416463,-1.5219649552416463,True,0.9781422139111791,diag,3,gold psd 10-45
x012,Walking,960.48046875,992.48046875,30.0,20.885392567852783,9.114607432147217,9.114607432147217,True,0.9287720786317601,diag,3,gold psd 10-45
x012,Walking,992.48046875,1024.48046875,15.0,17.26731339433796,2.267313394337961,-2.267313394337961,True,0.8555400905629615,diag,3,gold psd 10-45
x012,2-Back,1024.48046875,1056.48046875,11.25,15.811445453530268,4.561445453530268,-4.561445453530268,True,0.9836113941310813,diag,3,gold psd 10-45
x012,2-Back,1056.48046875,1088.48046875,11.25,15.770870212199268,4.520870212199268,-4.520870212199268,True,0.9816983511210547,diag,3,gold psd 10-45
x012,2-Back,1088.48046875,1120.48046875,24.375,25.077522292116175,0.7025222921161749,-0.7025222921161749,True,0.985014380824801,diag,3,gold psd 10-45
x012,2-Back,1120.48046875,1152.48046875,11.25,21.718676786110564,10.468676786110564,-10.468676786110564,True,0.9334499236840657,diag,3,gold psd 10-45
x012,2-Back,1152.48046875,1184.48046875,41.25,18.42356489371472,22.82643510628528,22.82643510628528,True,0.9818774888837196,diag,3,gold psd 10-45
x012,2-Back,1184.48046875,1216.48046875,24.375,21.174840755644013,3.200159244355987,3.200159244355987,True,0.9740787740967117,diag,3,gold psd 10-45
x012,2-Back,1216.48046875,1248.48046875,41.25,27.658478163488315,13.591521836511685,13.591521836511685,True,0.9820332503173791,diag,3,gold psd 10-45
x012,2-Back,1248.48046875,1280.48046875,13.125,25.199000882121688,12.074000882121688,-12.074000882121688,True,0.8826467291243615,diag,3,gold psd 10-45
x012,2-Back,1280.48046875,1312.48046875,26.25,25.662031013031406,0.587968986968594,0.587968986968594,True,0.781980346660889,hr,3,gold psd 10-45
x012,2-Back,1312.48046875,1344.48046875,24.375,23.027755511199373,1.3472444888006265,1.3472444888006265,True,0.8915456245149702,diag,3,gold psd 10-45
x012,2-Back,1344.48046875,1376.48046875,15.0,17.319439003014402,2.319439003014402,-2.319439003014402,True,0.8234833161879332,diag,3,gold psd 10-45
x012,2-Back,1376.48046875,1408.48046875,15.0,16.035889407896736,1.035889407896736,-1.035889407896736,True,0.912851981289321,diag,3,gold psd 10-45
x012,2-Back,1408.48046875,1440.48046875,11.25,18.359978372093558,7.109978372093558,-7.109978372093558,True,0.8718424774354584,diag,3,gold psd 10-45
x012,Running,1440.48046875,1472.48046875,26.25,14.304569003687911,11.945430996312089,11.945430996312089,True,0.8056023978100069,diag,3,gold psd 10-45
x012,Running,1472.48046875,1504.48046875,22.5,24.548511329888875,2.048511329888875,-2.048511329888875,True,0.7628739820503249,hr,3,gold psd 10-45
x012,Running,1504.48046875,1536.48046875,24.375,26.951450026847176,2.5764500268471764,-2.5764500268471764,True,0.7683220840346247,hr,3,gold psd 10-45
x012,Running,1536.48046875,1568.48046875,28.125,28.494119688867343,0.36911968886734314,-0.36911968886734314,True,0.7770556045779803,hr,3,gold psd 10-45
x012,Running,1568.48046875,1600.48046875,26.25,26.718743802581837,0.46874380258183734,-0.46874380258183734,True,0.8178080437881473,diag,3,gold psd 10-45
x012,Running,1600.48046875,1632.48046875,26.25,25.153912515023226,1.096087484976774,1.096087484976774,True,0.8257482025017766,diag,3,gold psd 10-45
x012,Running,1632.48046875,1664.48046875,28.125,27.571688164259516,0.5533118357404838,0.5533118357404838,True,0.8286356735663697,diag,3,gold psd 10-45
x012,Running,1664.48046875,1696.48046875,30.0,27.40976078989889,2.5902392101011102,2.5902392101011102,True,0.8194618197511374,diag,3,gold psd 10-45
x012,Running,1696.48046875,1728.48046875,33.75,31.965273142272824,1.7847268577271755,1.7847268577271755,True,0.7831160569029652,hr,3,gold psd 10-45
x012,Running,1728.48046875,1750.50390625,24.519333096842853,26.3721367769567,1.8528036801138477,-1.8528036801138477,True,0.9177892572408953,diag,3,gold psd 10-45
x013,Rest,96.515625,128.515625,15.0,7.251053166119519,7.748946833880481,7.748946833880481,True,0.9725748411318862,diag,3,gold psd 10-45
x013,Rest,128.515625,160.515625,18.75,7.093913018090443,11.656086981909556,11.656086981909556,True,0.9770601579811709,diag,3,gold psd 10-45
x013,Rest,160.515625,192.515625,20.625,7.531352934774912,13.093647065225088,13.093647065225088,True,0.9814955562874069,diag,3,gold psd 10-45
x013,Rest,192.515625,224.515625,24.375,7.374212786745835,17.000787213254164,17.000787213254164,True,0.9816826661216805,diag,3,gold psd 10-45
x013,Rest,224.515625,256.515625,15.0,7.906301434790171,7.093698565209829,7.093698565209829,True,0.9792238549853621,diag,3,gold psd 10-45
x013,Rest,256.515625,288.515625,33.75,7.407281707792544,26.342718292207458,26.342718292207458,True,0.9795604177097536,diag,3,gold psd 10-45
x013,Rest,288.515625,320.515625,11.25,7.000183111056856,4.249816888943144,4.249816888943144,True,0.981362952313975,diag,3,gold psd 10-45
x013,Rest,320.515625,352.515625,15.0,7.000183111056856,7.999816888943144,7.999816888943144,True,0.9687192892191953,diag,3,gold psd 10-45
x013,Rest,352.515625,384.515625,24.375,7.187642925124029,17.18735707487597,17.18735707487597,True,0.9711344619338552,diag,3,gold psd 10-45
x013,Rest,384.515625,416.515625,22.5,7.436696985444817,15.063303014555183,15.063303014555183,True,0.9628933979272181,diag,3,gold psd 10-45
x013,Rest,416.515625,448.515625,13.125,7.500107226440306,5.624892773559694,5.624892773559694,True,0.9744957489067976,diag,3,gold psd 10-45
x013,Rest,448.515625,480.515625,11.25,8.560737611958821,2.689262388041179,2.689262388041179,True,0.9748553407536684,diag,3,gold psd 10-45
x013,Rest,480.515625,512.515625,33.75,12.432979889106942,21.317020110893058,21.317020110893058,True,0.9763948562880685,diag,3,gold psd 10-45
x013,Walking,512.515625,544.515625,28.125,16.40525815775554,11.71974184224446,11.71974184224446,True,0.937906380649145,diag,3,gold psd 10-45
x013,Walking,544.515625,576.515625,22.5,14.004565031814355,8.495434968185645,8.495434968185645,True,0.9110751842556659,diag,3,gold psd 10-45
x013,Walking,576.515625,608.515625,43.125,12.122257866101112,31.002742133898888,31.002742133898888,True,0.827335398674898,diag,3,gold psd 10-45
x013,Walking,608.515625,640.515625,13.125,14.2481438193253,1.1231438193252998,-1.1231438193252998,True,0.8188051487506945,diag,3,gold psd 10-45
x013,Walking,640.515625,672.515625,30.0,16.902522427826106,13.097477572173894,13.097477572173894,True,0.7683384231211244,hr,3,gold psd 10-45
x013,Walking,672.515625,704.515625,18.75,18.09923059827485,0.6507694017251495,0.6507694017251495,True,0.8241288671987385,diag,3,gold psd 10-45
x013,Walking,704.515625,736.515625,22.5,16.397096635832042,6.1029033641679575,6.1029033641679575,True,0.6639192089501437,hr,3,gold psd 10-45
x013,Walking,736.515625,768.515625,11.25,21.941172954026012,10.691172954026012,-10.691172954026012,True,0.7065272482327222,hr,3,gold psd 10-45
x013,Walking,768.515625,800.515625,13.125,22.998201292995333,9.873201292995333,-9.873201292995333,True,0.6878208072381008,hr,3,gold psd 10-45
x013,Walking,800.515625,832.515625,16.875,18.879532762365002,2.0045327623650024,-2.0045327623650024,True,0.7467607932079462,hr,3,gold psd 10-45
x013,Walking,832.515625,864.515625,13.125,22.36955580823563,9.244555808235631,-9.244555808235631,True,0.9785101161027319,diag,3,gold psd 10-45
x013,Walking,864.515625,896.515625,15.0,20.69119960929155,5.6911996092915516,-5.6911996092915516,True,0.9788973575802836,diag,3,gold psd 10-45
x013,Walking,896.515625,928.515625,20.625,20.064298638084693,0.5607013619153065,0.5607013619153065,True,0.9543790550719258,diag,3,gold psd 10-45
x013,Walking,928.515625,960.515625,11.25,22.55974881150672,11.309748811506719,-11.309748811506719,True,0.9242255943189365,diag,3,gold psd 10-45
x013,Walking,960.515625,992.515625,31.875,19.063384941777006,12.811615058222994,12.811615058222994,True,0.973818918784724,diag,3,gold psd 10-45
x013,Walking,992.515625,1024.515625,15.0,14.226095295223066,0.7739047047769336,0.7739047047769336,True,0.9488402088625819,diag,3,gold psd 10-45
x013,Walking,1024.515625,1056.515625,24.375,13.18471248881783,11.19028751118217,11.19028751118217,True,0.9490770130008193,diag,3,gold psd 10-45
x013,Walking,1056.515625,1088.515625,28.125,13.716954856344252,14.408045143655748,14.408045143655748,True,0.931035973633086,diag,3,gold psd 10-45
x013,Walking,1088.515625,1120.515625,22.5,26.109624430698663,3.6096244306986627,-3.6096244306986627,True,0.9726154518333829,diag,3,gold psd 10-45
x013,Walking,1120.515625,1152.515625,15.0,20.859135372701935,5.859135372701935,-5.859135372701935,True,0.9443706707397878,diag,3,gold psd 10-45
x013,Walking,1152.515625,1184.515625,33.75,14.938384993932658,18.811615006067342,18.811615006067342,True,0.9599835172964972,diag,3,gold psd 10-45
x013,Walking,1184.515625,1216.515625,26.25,14.84556469085048,11.40443530914952,11.40443530914952,True,0.9576602796586727,diag,3,gold psd 10-45
x013,Walking,1216.515625,1248.515625,11.25,11.937508981949016,0.6875089819490157,-0.6875089819490157,True,0.9531475904414387,diag,3,gold psd 10-45
x013,Walking,1248.515625,1280.515625,33.75,15.558827278811737,18.191172721188263,18.191172721188263,True,0.9139886115020129,diag,3,gold psd 10-45
x013,Walking,1280.515625,1312.515625,37.5,16.000008572154577,21.499991427845423,21.499991427845423,True,0.9802157745150202,diag,3,gold psd 10-45
x013,Walking,1312.515625,1344.515625,15.0,16.281301393810725,1.2813013938107254,-1.2813013938107254,True,0.9748762400446622,diag,3,gold psd 10-45
x013,Walking,1344.515625,1376.515625,26.25,17.781181962946953,8.468818037053047,8.468818037053047,True,0.9804192382925905,diag,3,gold psd 10-45
x013,Walking,1376.515625,1408.515625,45.0,15.909043613393905,29.090956386606095,29.090956386606095,True,0.9565802560274752,diag,3,gold psd 10-45
x013,Walking,1408.515625,1440.515625,18.75,14.275938173702059,4.474061826297941,4.474061826297941,True,0.9347105815922419,diag,3,gold psd 10-45
x013,2-Back,1440.515625,1472.515625,16.875,13.881250853490055,2.993749146509945,2.993749146509945,True,0.9675292363488833,diag,3,gold psd 10-45
x013,2-Back,1472.515625,1504.515625,41.25,21.765715041151704,19.484284958848296,19.484284958848296,True,0.9776974440835394,diag,3,gold psd 10-45
x013,2-Back,1504.515625,1536.515625,20.625,23.16337504188844,2.5383750418884397,-2.5383750418884397,True,0.9781087405652525,diag,3,gold psd 10-45
x013,2-Back,1536.515625,1568.515625,28.125,24.996563314820364,3.1284366851796364,3.1284366851796364,True,0.9792901903321306,diag,3,gold psd 10-45
x013,2-Back,1568.515625,1600.515625,13.125,20.100193045219132,6.975193045219132,-6.975193045219132,True,0.9821944566634089,diag,3,gold psd 10-45
x013,2-Back,1600.515625,1632.515625,16.875,21.154049808070162,4.279049808070162,-4.279049808070162,True,0.9759414658800027,diag,3,gold psd 10-45
x013,2-Back,1632.515625,1664.515625,20.625,20.75680569653312,0.1318056965331209,-0.1318056965331209,True,0.9748786607135802,diag,3,gold psd 10-45
x013,2-Back,1664.515625,1696.515625,20.625,20.2121071147974,0.4128928852025986,0.4128928852025986,True,0.977153812070909,diag,3,gold psd 10-45
x013,2-Back,1696.515625,1728.515625,30.0,20.37789741805065,9.622102581949349,9.622102581949349,True,0.9788489923632817,diag,3,gold psd 10-45
x013,2-Back,1728.515625,1760.515625,15.0,18.158047602422386,3.1580476024223856,-3.1580476024223856,True,0.9719884205584709,diag,3,gold psd 10-45
x013,2-Back,1760.515625,1792.515625,16.875,16.68817693198259,0.18682306801741078,0.18682306801741078,True,0.8737173143789679,diag,3,gold psd 10-45
x013,2-Back,1792.515625,1824.515625,11.25,17.373360824107642,6.1233608241076425,-6.1233608241076425,True,0.954017341786864,diag,3,gold psd 10-45
x013,2-Back,1824.515625,1856.515625,16.875,18.529381808622837,1.654381808622837,-1.654381808622837,True,0.9021248759928436,diag,3,gold psd 10-45
x013,Running,1856.515625,1888.515625,22.5,21.684756890045264,0.8152431099547357,0.8152431099547357,True,0.6990750640712285,hr,3,gold psd 10-45
x013,Running,1888.515625,1920.515625,26.25,24.529388946496884,1.7206110535031165,1.7206110535031165,True,0.7490669012986748,hr,3,gold psd 10-45
x013,Running,1920.515625,1952.515625,24.375,22.502640557033732,1.8723594429662676,1.8723594429662676,True,0.7138946972014957,hr,3,gold psd 10-45
x013,Running,1952.515625,1984.515625,22.5,24.434156816872374,1.934156816872374,-1.934156816872374,True,0.7661518849867053,hr,3,gold psd 10-45
x013,Running,1984.515625,2016.515625,30.0,21.00608574917338,8.99391425082662,8.99391425082662,True,0.8236581379590908,diag,3,gold psd 10-45
x013,Running,2016.515625,2048.515625,28.125,26.9947037216756,1.1302962783244013,1.1302962783244013,True,0.8317345772433895,diag,3,gold psd 10-45
x013,Running,2048.515625,2080.515625,28.125,25.936556271348053,2.188443728651947,2.188443728651947,True,0.7980377968393706,hr,3,gold psd 10-45
x013,Running,2080.515625,2112.515625,13.125,25.217815243983566,12.092815243983566,-12.092815243983566,True,0.7923837867090912,hr,3,gold psd 10-45
x013,Running,2112.515625,2143.8671875,17.224021928731624,23.745649619935804,6.521627691204181,-6.521627691204181,True,0.8065857553921356,diag,3,gold psd 10-45
